disease,symptoms
Common Cold,cough|runny_nose|sneezing
Common Cold,cough|runny_nose|sore_throat
Influenza,body_ache|fatigue|fever
Influenza,chills|cough|fever
Migraine,headache|nausea|sensitivity_to_light
Migraine,dizziness|headache|sensitivity_to_light
Gastroenteritis,diarrhea|nausea|vomiting
Gastroenteritis,diarrhea|nausea|stomach_pain
Allergic Reaction,itching|skin_rash|sneezing
Allergic Reaction,itching|skin_rash|swelling
Heart Concern,chest_pain|dizziness|shortness_of_breath
Heart Concern,chest_pain|fatigue|irregular_heartbeat
Allergy,hives|hoarseness|itching|mouth_ulcers|runny_nose|sneezing|swelling_in_face|watery_eyes
Hepatitis A,dark_urine|excessive_hunger|fatigue|joint_pain|muscle_pain|stuffy_nose|wheezing|yellow_eyes|yellow_skin
Allergy,cough|frequent_infections|gum_bleeding|hearing_difficulty|hives|itching|sneezing
Dengue,body_pain|headache|high_fever|hoarseness|joint_pain|skin_rash|vomiting|weakness
Hyperthyroidism,blisters|difficulty_sleeping|dry_skin|excessive_hunger|fast_heart_rate|flank_pain|heat_intolerance|high_fever|palpitations|sweating|tremors|weight_loss
Food Poisoning,abdominal_pain|fever|nausea|stomach_pain|vomiting|weakness
Kidney Stones,blood_in_urine|fever|flank_pain|high_blood_pressure|mouth_ulcers|nausea|painful_urination_in_lower_abdomen|vomiting
Gastroenteritis,abdominal_pain|diarrhea|gum_bleeding|vomiting
Typhoid,abdominal_pain|body_pain|constipation|diarrhea|fever|headache|high_fever|loss_of_appetite|slow_heart_rate|swollen_lymph_nodes|weakness
Hypothyroidism,cold_intolerance|dry_skin|excessive_sleepiness|eye_redness|fatigue|slow_heart_rate|weight_gain
Otitis Media,ear_discharge|ear_pain|frequent_urination|irritability|low_fever|swollen_tonsils
Influenza,body_pain|confusion|cough|fast_heart_rate|fever|headache|high_fever|nausea
Asthma,chest_tightness|cough|difficulty_breathing|difficulty_sleeping|rapid_breathing|shortness_of_breath|tremors|wheezing
Sinusitis,facial_pain|low_fever|post_nasal_drip|runny_nose|sinus_pressure|stomach_pain|stuffy_nose
Heart Failure,cold_feet|fatigue|loss_of_smell|rapid_breathing|shortness_of_breath|swelling_in_legs
Diabetes,excessive_hunger|excessive_sleepiness|excessive_thirst|fatigue|frequent_urination|low_blood_pressure|neck_stiffness|slow_healing_wounds
Food Poisoning,bloating|diarrhea|ear_discharge|fever|nausea|stomach_pain|swelling_in_legs|vomiting|weakness
Pneumonia,chest_pain|cough|fatigue|fever|rapid_breathing|shortness_of_breath|wet_cough
Chronic Kidney Disease,cold_feet|fatigue|swelling_in_feet|swelling_in_legs
Hyperthyroidism,anxiety|fast_heart_rate|palpitations|sweating|tremors|weight_loss
Influenza,body_pain|cough|fatigue|fever|headache|high_fever|muscle_pain|weakness
Dengue,body_pain|headache|high_fever|joint_pain|nausea|skin_rash|vomiting|weakness
Diabetes,excessive_thirst|fatigue|frequent_infections|frequent_urination|mouth_ulcers|slow_healing_wounds|weight_loss
Appendicitis,abdominal_pain|abdominal_tenderness|joint_pain|loss_of_appetite|low_fever|rebound_pain|vomiting
Kidney Stones,back_pain|bad_breath|blood_in_urine|fever|flank_pain|nausea|runny_nose|vomiting
Eczema,excessive_sleepiness|itching|post_nasal_drip|skin_peeling|skin_rash
Hypothyroidism,cold_intolerance|dry_skin|fatigue|weight_gain
Hepatitis B,dark_urine|fatigue|joint_pain|loss_of_appetite|nausea|weakness|yellow_eyes|yellow_skin
Dengue,body_pain|hair_loss|headache|high_fever|itching|joint_pain|loss_of_taste|skin_rash|vomiting|weakness
Hepatitis B,fatigue|joint_pain|loss_of_appetite|nausea|slow_healing_wounds|tremors|weakness|yellow_eyes|yellow_skin
Gastritis,abdominal_pain|abdominal_tenderness|burning_urination|loss_of_appetite|nausea|stomach_pain|swelling_in_feet|vomiting|white_patches_in_throat
Conjunctivitis,blurred_vision|eye_redness|itching|night_sweats|slow_healing_wounds|slow_heart_rate|swelling_in_face|watery_eyes
Bronchitis,chest_tightness|cough|ear_discharge|fatigue|low_fever|sore_throat|wet_cough|wheezing
Eczema,anxiety|dry_skin|hives|itching|mouth_ulcers|post_nasal_drip|red_spots_on_skin|skin_rash|tingling_sensation
Dengue,body_pain|brittle_nails|dizziness|headache|high_fever|joint_pain|skin_rash|stuffy_nose|vomiting|weakness
Migraine,blurred_vision|excessive_thirst|headache|vomiting
Gastroenteritis,abdominal_pain|diarrhea|dry_skin|eye_pain|nausea|vomiting|weakness
Malaria,chills|headache|high_fever|muscle_pain|nausea|sinus_pressure|vomiting
Dengue,bloating|body_pain|headache|hives|joint_pain|nausea|night_sweats|skin_rash|vomiting
Urinary Tract Infection (UTI),abdominal_pain|back_pain|burning_urination|cloudy_urine|frequent_urination|low_fever|pelvic_pain
COVID-19,body_pain|chills|dry_cough|fatigue|fever|headache|loss_of_smell|nausea|skin_rash|white_patches_in_throat
Influenza,body_pain|chills|cough|fatigue|fever|high_fever|runny_nose|shortness_of_breath|sneezing
Typhoid,abdominal_pain|body_pain|excessive_thirst|fever|headache|high_fever|palpitations|skin_rash|weakness
Bronchitis,chest_tightness|cough|fatigue|hoarseness|sore_throat|wet_cough|wheezing
Mumps,ear_pain|facial_pain|fever|headache|swelling_in_face
Measles,cough|fever|high_fever|skin_rash|sore_throat
Laryngitis,dry_cough|flank_pain|hoarseness|low_fever|sore_throat|voice_loss
Influenza,body_pain|cough|fatigue|fever|high_fever|mouth_ulcers|watery_eyes
Hypothyroidism,cold_intolerance|dry_skin|fatigue|tingling_sensation|weight_gain
Mumps,facial_pain|fever|headache|loss_of_appetite|muscle_pain|swelling_in_face|weakness
Food Poisoning,abdominal_pain|bloating|diarrhea|muscle_cramps|nausea|sore_throat|swelling_in_legs|vomiting|weakness|wheezing
Gastroenteritis,abdominal_pain|diarrhea|fever|headache|nausea|vomiting
COVID-19,dry_cough|fatigue|fever|mouth_ulcers|slow_healing_wounds|sore_throat
Laryngitis,difficulty_swallowing|dry_cough|hoarseness|low_fever|sore_throat|voice_loss
COVID-19,dry_cough|fatigue|fever|loss_of_taste|skin_rash|wet_cough
Eczema,blisters|dry_skin|itching|rebound_pain|red_spots_on_skin|skin_rash
Kidney Stones,back_pain|blood_in_urine|cold_hands|cough|flank_pain|high_blood_pressure|nausea|painful_urination_in_lower_abdomen|runny_nose|tremors|vomiting
Migraine,blisters|blood_in_urine|blurred_vision|dizziness|headache|irritability|muscle_cramps|vomiting|white_patches_in_throat
Coronary Artery Disease,chest_pain|chest_tightness|cold_hands|low_fever|nausea|palpitations|shortness_of_breath|sweating|weight_loss
Gastritis,abdominal_pain|bloating|blurred_speech|loss_of_appetite|nausea|stomach_pain|vomiting
Bronchitis,chest_tightness|cough|dark_urine|rebound_pain|wet_cough
Asthma,chest_tightness|difficulty_breathing|difficulty_sleeping|flank_pain|rapid_breathing|shortness_of_breath|skin_peeling|wheezing|yellow_eyes
Hypertension,blurred_vision|chest_pain|dizziness|fast_heart_rate|headache|high_blood_pressure
Dengue,body_pain|confusion|eye_redness|headache|high_fever|joint_pain|nausea|vomiting|weakness
Influenza,body_pain|cough|dry_skin|fatigue|fever|headache|high_fever|loss_of_appetite|muscle_pain|sore_throat|vomiting|weakness
Hepatitis A,dark_urine|excessive_sleepiness|fatigue|loss_of_appetite|low_fever|pale_stool|testicular_pain|vomiting|yellow_eyes|yellow_skin
Hepatitis B,abdominal_pain|cold_hands|ear_pain|fatigue|joint_pain|loss_of_appetite|yellow_eyes|yellow_skin
Chickenpox,blisters|blurred_vision|ear_discharge|fatigue|fever|itching|loss_of_appetite|nausea|skin_rash
Mumps,facial_pain|fever|headache|hives|loss_of_appetite|muscle_pain|swelling_in_face
Pneumonia,chills|cough|fatigue|fever|nausea|rapid_breathing|shortness_of_breath|wet_cough
Conjunctivitis,blurred_vision|confusion|eye_pain|eye_redness|itching|swelling_in_face|watery_eyes
Coronary Artery Disease,chest_pain|chest_tightness|palpitations|shortness_of_breath|sweating|voice_loss
Chronic Kidney Disease,ear_pain|eye_redness|fatigue|frequent_urination|itching|loss_of_appetite|nausea|stuffy_nose|swelling_in_feet|swelling_in_legs
Arthritis,cough|dry_skin|joint_pain|low_fever|neck_stiffness|stomach_pain|swelling_in_legs
Common Cold,cough|itching|low_fever|runny_nose|sore_throat|stuffy_nose|watery_eyes|wheezing
Bronchitis,body_pain|chest_tightness|cough|headache|high_blood_pressure|low_fever|sore_throat|wet_cough|wheezing
Tonsillitis,bad_breath|difficulty_swallowing|excessive_sleepiness|fever|sore_throat|swollen_tonsils|white_patches_in_throat
Chronic Kidney Disease,dry_cough|dry_skin|fatigue|swelling_in_feet|swelling_in_legs|wet_cough
Otitis Media,ear_discharge|ear_pain|fever|headache|irritability|low_fever|painful_urination_in_lower_abdomen|sinus_pressure
Hyperthyroidism,anxiety|fast_heart_rate|hair_loss|heat_intolerance|low_fever|sweating|tremors|weight_loss
Allergy,eye_pain|itching|runny_nose|skin_peeling|skin_rash|stomach_pain|watery_eyes
Allergy,cloudy_urine|itching|low_blood_pressure|neck_stiffness|painful_urination_in_lower_abdomen|runny_nose|skin_rash|sneezing|swelling_in_feet|voice_loss|watery_eyes
Migraine,blurred_vision|difficulty_sleeping|drooling|eye_pain|fatigue|hair_loss|headache|nausea|vomiting
Allergy,dry_cough|hives|itching|runny_nose|skin_rash|sneezing|stuffy_nose|swelling_in_face
Anemia,cold_feet|cold_hands|dizziness|excessive_hunger|fast_heart_rate|fatigue|gum_bleeding|weakness|weight_gain
Common Cold,blood_in_urine|body_pain|cold_intolerance|cough|ear_pain|eye_redness|headache|runny_nose|sneezing|sore_throat|watery_eyes
Hyperthyroidism,fast_heart_rate|fatigue|heat_intolerance|memory_problems|night_sweats|sweating|tremors|weight_loss
Urinary Tract Infection (UTI),abdominal_pain|burning_urination|cloudy_urine|cold_hands|frequent_urination|nausea
Hyperthyroidism,anxiety|cold_intolerance|fast_heart_rate|hair_loss|hearing_difficulty|heat_intolerance|night_sweats|swelling_in_face|tremors|voice_loss|weight_loss
Eczema,dry_skin|itching|rapid_breathing|red_spots_on_skin|skin_rash|swelling_in_face|vomiting
Malaria,chills|cloudy_urine|headache|high_fever|muscle_pain|sweating|vomiting
Hepatitis B,blisters|fatigue|frequent_urination|joint_pain|loss_of_appetite|loss_of_smell|neck_stiffness|voice_loss|weakness|yellow_eyes|yellow_skin
Laryngitis,diarrhea|dry_cough|hoarseness|low_fever|sore_throat|swelling_in_feet|voice_loss
Hepatitis B,abdominal_pain|dark_urine|dry_cough|fatigue|loss_of_appetite|nausea|weakness|yellow_eyes|yellow_skin
Sinusitis,cough|facial_pain|headache|runny_nose|sinus_pressure|stuffy_nose|weakness
Typhoid,abdominal_pain|bloating|body_pain|constipation|fever|loss_of_appetite|weakness|weight_gain
Coronary Artery Disease,chest_pain|chest_tightness|confusion|fatigue|nausea|numbness|palpitations|shortness_of_breath|sweating
Otitis Media,cold_feet|dizziness|ear_discharge|ear_pain|fever|hearing_difficulty|irritability
COVID-19,chest_tightness|diarrhea|dry_cough|fatigue|fever|loss_of_smell|nausea|sore_throat
Sinusitis,bad_breath|facial_pain|headache|post_nasal_drip|runny_nose|sinus_pressure|stuffy_nose
Peptic Ulcer,abdominal_pain|bloating|cold_hands|irregular_heartbeat|loss_of_appetite|stomach_pain|swelling_in_face|weight_loss
Influenza,blood_in_urine|body_pain|cough|fatigue|fever|headache|high_fever|sore_throat|white_patches_in_throat
Bronchitis,chest_tightness|cough|fatigue|headache|sore_throat|wet_cough|wheezing
Mumps,facial_pain|fatigue|fever|muscle_pain|neck_pain|skin_peeling|swelling_in_face|testicular_pain|weight_loss
Hepatitis B,abdominal_pain|fatigue|loss_of_appetite|weakness|yellow_eyes|yellow_skin
Hypertension,bloating|blurred_vision|chest_pain|dizziness|facial_pain|fatigue|headache|high_blood_pressure|memory_problems|palpitations
Anemia,cold_feet|dizziness|fast_heart_rate|fatigue|hair_loss|weakness
Malaria,blood_in_urine|chills|confusion|diarrhea|fatigue|headache|high_fever|muscle_pain|nausea|sweating|vomiting
Common Cold,cough|fatigue|headache|mouth_ulcers|runny_nose|sneezing|sore_throat|stuffy_nose|yellow_skin
Mumps,chills|facial_pain|fatigue|fever|headache|irritability|loss_of_appetite|swelling_in_face
Psoriasis,chest_pain|dry_skin|itching|red_spots_on_skin|skin_peeling|skin_rash|sweating
Pneumonia,chest_pain|confusion|cough|fatigue|fever|rapid_breathing|runny_nose|shortness_of_breath|wet_cough
Eczema,blisters|dry_skin|frequent_infections|heat_intolerance|itching|nausea|skin_rash|swelling_in_feet
Appendicitis,abdominal_pain|abdominal_tenderness|bloating|chills|loss_of_appetite|nausea|rapid_breathing|rebound_pain
Pneumonia,chest_pain|confusion|cough|loss_of_taste|nausea|rapid_breathing|red_spots_on_skin|shortness_of_breath|wet_cough
Gastroenteritis,abdominal_pain|diarrhea|headache|hoarseness|muscle_cramps|vomiting
Influenza,body_pain|chills|fatigue|fever|high_fever|runny_nose|sore_throat|stomach_pain|sweating|weakness
Malaria,chills|fatigue|headache|high_fever|muscle_pain|sweating|yellow_skin
Hepatitis B,dark_urine|fatigue|joint_pain|nausea|yellow_eyes|yellow_skin
Arthritis,joint_pain|low_fever|muscle_pain|neck_stiffness|swelling_in_legs|tremors
Psoriasis,brittle_nails|burning_urination|fatigue|itching|red_spots_on_skin|skin_peeling|skin_rash|sneezing|swelling_in_legs
Urinary Tract Infection (UTI),burning_urination|cloudy_urine|frequent_urination|pelvic_pain
Migraine,blurred_vision|dizziness|fatigue|headache|sneezing|vomiting
Sinusitis,confusion|cough|facial_pain|headache|low_fever|muscle_cramps|post_nasal_drip|runny_nose|sinus_pressure|stuffy_nose
Hepatitis B,abdominal_pain|anxiety|cloudy_urine|difficulty_swallowing|fatigue|loss_of_appetite|muscle_pain|yellow_eyes|yellow_skin
Gastroenteritis,abdominal_pain|diarrhea|excessive_sleepiness|fever|muscle_cramps|neck_pain|vomiting|weakness
Anemia,cold_hands|dizziness|fast_heart_rate|fatigue|headache|loss_of_appetite|weakness
Hypertension,dizziness|fatigue|headache|high_blood_pressure
Migraine,blurred_vision|dizziness|fatigue|headache|nausea|vomiting
Diabetes,blurred_vision|excessive_thirst|fatigue|frequent_urination|neck_pain|weight_loss
Tonsillitis,difficulty_swallowing|fever|sore_throat|swelling_in_legs|swollen_tonsils|white_patches_in_throat
Kidney Stones,anxiety|back_pain|blood_in_urine|brittle_nails|flank_pain|irregular_heartbeat|nausea|sneezing|vomiting
Allergy,hives|itching|runny_nose|skin_rash|sneezing|stuffy_nose|swelling_in_legs
Sinusitis,facial_pain|headache|runny_nose|sinus_pressure|stuffy_nose|tingling_sensation
Diabetes,excessive_hunger|excessive_thirst|fatigue|flank_pain|frequent_urination|high_fever|loss_of_taste|weight_loss
Typhoid,abdominal_pain|constipation|fast_heart_rate|fatigue|fever|high_fever|loss_of_appetite|weakness
COVID-19,blisters|body_pain|confusion|diarrhea|dry_cough|fatigue|fever|hair_loss|headache|loss_of_taste|nausea|shortness_of_breath|sinus_pressure|sore_throat|wet_cough
Sinusitis,bad_breath|cough|difficulty_swallowing|facial_pain|hoarseness|runny_nose|sinus_pressure|stuffy_nose
Food Poisoning,abdominal_pain|diarrhea|dizziness|eye_redness|fever|nausea|sore_throat|stomach_pain|vomiting
Tonsillitis,bad_breath|difficulty_swallowing|fever|sore_throat|swollen_lymph_nodes|swollen_tonsils|white_patches_in_throat
Hyperthyroidism,excessive_hunger|fast_heart_rate|hair_loss|heat_intolerance|slow_healing_wounds|sore_throat|weight_loss
Hepatitis B,abdominal_pain|fatigue|loss_of_appetite|low_fever|skin_rash|weakness|yellow_eyes|yellow_skin
Otitis Media,dizziness|ear_discharge|ear_pain|headache|hearing_difficulty|irritability|low_fever|tingling_sensation
Heart Failure,excessive_hunger|fatigue|headache|rapid_breathing|shortness_of_breath|swelling_in_feet|swelling_in_legs
Peptic Ulcer,abdominal_pain|abdominal_tenderness|bloating|loss_of_appetite|nausea|stomach_pain|vomiting
Pneumonia,blurred_speech|chest_pain|chills|cough|fatigue|fever|shortness_of_breath|sweating|swelling_in_legs|swollen_lymph_nodes|wet_cough
Gastroenteritis,abdominal_pain|diarrhea|fever|high_blood_pressure|low_fever|nausea|sinus_pressure|vomiting|wet_cough
Tonsillitis,difficulty_swallowing|ear_pain|loss_of_smell|sore_throat|swollen_tonsils|white_patches_in_throat
Anemia,cold_feet|cold_hands|dizziness|excessive_hunger|fatigue|headache|weakness
Dengue,body_pain|cold_feet|fever|gum_bleeding|headache|high_fever|joint_pain|memory_problems|skin_rash|stomach_pain
Allergy,difficulty_breathing|frequent_infections|itching|runny_nose|skin_rash|sneezing
Psoriasis,brittle_nails|dry_skin|itching|low_fever|skin_peeling|skin_rash
Gastritis,abdominal_pain|bloating|cold_hands|nausea|stomach_pain|yellow_skin
Gastroenteritis,abdominal_pain|bloating|diarrhea|drooling|excessive_sleepiness|fever|nausea|red_spots_on_skin|vomiting|weakness
Malaria,chills|fatigue|frequent_infections|high_fever|muscle_pain|palpitations|sweating|vomiting|weight_loss
Arthritis,fatigue|joint_pain|muscle_pain|post_nasal_drip|swelling_in_legs
COVID-19,body_pain|dry_cough|fatigue|fever
Chronic Kidney Disease,chills|fatigue|frequent_urination|high_blood_pressure|itching|loss_of_appetite|swelling_in_feet|swelling_in_legs|watery_eyes
Mumps,body_pain|facial_pain|fever|headache|muscle_pain|swelling_in_face|testicular_pain
Chronic Kidney Disease,fatigue|frequent_urination|loss_of_appetite|muscle_cramps|pelvic_pain|swelling_in_feet|swelling_in_legs
Conjunctivitis,blisters|eye_pain|itching|palpitations|watery_eyes
Allergy,anxiety|flank_pain|itching|runny_nose|skin_rash|sneezing|swelling_in_face|watery_eyes
Dengue,body_pain|eye_pain|gum_bleeding|headache|high_fever|joint_pain|nausea|skin_rash|vomiting|weakness
Tuberculosis,body_pain|confusion|cough|fatigue|irritability|loss_of_appetite|low_fever|night_sweats|weight_loss|wet_cough
Sinusitis,facial_pain|headache|irritability|low_fever|post_nasal_drip|sinus_pressure|stuffy_nose
Kidney Stones,back_pain|blood_in_urine|blurred_speech|body_pain|flank_pain|nausea|painful_urination_in_lower_abdomen|yellow_skin
Influenza,body_pain|chills|cough|fatigue|fever|high_fever|muscle_pain|nausea|runny_nose|sore_throat|vomiting|weakness
Hypothyroidism,cold_intolerance|dry_skin|fatigue|flank_pain|hair_loss|numbness|slow_heart_rate|weight_gain
Otitis Media,abdominal_pain|ear_discharge|ear_pain|fever|irritability
Tuberculosis,chest_pain|cough|fatigue|loss_of_appetite|night_sweats|weight_loss|wet_cough
Eczema,dry_skin|itching|red_spots_on_skin|skin_rash
Chronic Kidney Disease,fatigue|frequent_urination|hair_loss|high_blood_pressure|loss_of_appetite|nausea|swelling_in_feet|swelling_in_legs
Measles,body_pain|cough|eye_redness|fever|high_fever|skin_rash|slow_heart_rate|vomiting
Migraine,blurred_vision|fatigue|headache|hives|nausea|white_patches_in_throat
Chronic Kidney Disease,dizziness|frequent_urination|itching|muscle_pain|nausea|swelling_in_feet|swelling_in_legs
Hepatitis B,abdominal_pain|dry_skin|fatigue|loss_of_appetite|memory_problems|nausea|wet_cough|wheezing|yellow_eyes|yellow_skin
Peptic Ulcer,abdominal_pain|bloating|facial_pain|nausea|stomach_pain|weight_loss
Sinusitis,facial_pain|headache|high_blood_pressure|loss_of_appetite|neck_stiffness|sinus_pressure|stuffy_nose
Tuberculosis,body_pain|chest_pain|cough|night_sweats|weight_loss|wet_cough
Sinusitis,cold_hands|cough|facial_pain|gum_bleeding|headache|nausea|sinus_pressure|stuffy_nose|swelling_in_feet|swollen_tonsils
Pneumonia,chest_pain|confusion|cough|fever|rapid_breathing|shortness_of_breath|sweating|wet_cough
Coronary Artery Disease,chest_pain|chest_tightness|dizziness|fatigue|palpitations|shortness_of_breath
Allergy,headache|hives|itching|runny_nose|sneezing|stuffy_nose|watery_eyes
Eczema,dry_skin|itching|mouth_ulcers|red_spots_on_skin|skin_peeling|skin_rash
Common Cold,chest_tightness|cough|low_fever|runny_nose|sore_throat|stuffy_nose|watery_eyes
COVID-19,abdominal_pain|chills|dry_cough|fatigue|fever|headache|loss_of_smell|loss_of_taste|shortness_of_breath
COVID-19,bad_breath|blurred_speech|chills|dry_cough|fatigue|fever|headache|loss_of_smell|loss_of_taste|sweating|white_patches_in_throat
Otitis Media,ear_discharge|ear_pain|irritability|low_fever|skin_peeling
Chickenpox,blisters|fatigue|fever|loss_of_appetite|skin_rash
Conjunctivitis,brittle_nails|eye_pain|eye_redness|sinus_pressure|swelling_in_face|watery_eyes
Bronchitis,chest_tightness|cough|gum_bleeding|low_fever|sore_throat|wet_cough|yellow_skin
Gastritis,abdominal_pain|headache|loss_of_appetite|nausea|sore_throat|stomach_pain|stuffy_nose|voice_loss
Anemia,cold_feet|cold_hands|dizziness|fatigue|rebound_pain|weakness
Pneumonia,blood_in_urine|chest_pain|chest_tightness|cough|fatigue|fever|rapid_breathing|shortness_of_breath|sweating|wet_cough
Gastritis,abdominal_pain|bloating|loss_of_appetite|nausea|rapid_breathing|weight_loss
Hypothyroidism,cold_intolerance|excessive_sleepiness|fatigue|weight_gain
Malaria,chills|hair_loss|headache|hearing_difficulty|high_fever|nausea|sweating|vomiting
Hyperthyroidism,blurred_vision|fast_heart_rate|heat_intolerance|palpitations|weight_loss
Hypertension,dizziness|headache|high_blood_pressure
Dengue,abdominal_pain|body_pain|gum_bleeding|headache|high_fever|joint_pain|pale_stool|skin_rash|weakness
Hepatitis B,abdominal_pain|dark_urine|dry_skin|fatigue|hoarseness|loss_of_appetite|low_fever|nausea|palpitations|swollen_lymph_nodes|weakness|yellow_eyes|yellow_skin
Anemia,cold_hands|dizziness|fast_heart_rate|fatigue|headache|weakness
COVID-19,body_pain|dry_cough|fatigue|fever|loss_of_smell|skin_rash
Coronary Artery Disease,chest_tightness|dizziness|shortness_of_breath|sweating
Arthritis,fatigue|joint_pain|low_fever|muscle_pain|neck_stiffness|numbness|swelling_in_legs|weakness|white_patches_in_throat
Kidney Stones,abdominal_tenderness|back_pain|blood_in_urine|flank_pain|loss_of_taste|painful_urination_in_lower_abdomen|vomiting
Gastroenteritis,abdominal_pain|diarrhea|fever|vomiting|weakness
Gastroenteritis,abdominal_pain|diarrhea|difficulty_breathing|muscle_cramps|nausea|runny_nose|vomiting|weakness
Tuberculosis,body_pain|chest_pain|cough|fatigue|loss_of_appetite|night_sweats|weakness|weight_loss|wet_cough
Peptic Ulcer,abdominal_pain|abdominal_tenderness|bloating|loss_of_appetite|nausea|sneezing|stomach_pain|swelling_in_legs|weight_loss
Appendicitis,abdominal_pain|abdominal_tenderness|cough|dry_cough|mouth_ulcers|nausea|rebound_pain|vomiting
Conjunctivitis,blurred_vision|eye_pain|eye_redness|itching|loss_of_taste|pale_stool|skin_peeling|slow_heart_rate|swelling_in_face|yellow_skin
Hepatitis B,abdominal_pain|dark_urine|fatigue|itching|loss_of_appetite|nausea|pale_stool|weakness|yellow_eyes|yellow_skin
Gastroenteritis,abdominal_pain|diarrhea|fever|loss_of_appetite|memory_problems|muscle_cramps|vomiting|weakness
Migraine,blurred_vision|cold_hands|difficulty_sleeping|fatigue|headache|nausea|vomiting|wheezing
Common Cold,headache|post_nasal_drip|runny_nose|sneezing|sore_throat|stuffy_nose
Influenza,body_pain|chills|cough|fatigue|fever|hoarseness|muscle_pain|nausea|palpitations|rebound_pain|runny_nose|sore_throat|vomiting|weakness
Typhoid,abdominal_pain|constipation|dizziness|fever|gum_bleeding|headache|high_fever|memory_problems|rebound_pain|watery_eyes|weakness
Allergy,eye_pain|hives|itching|runny_nose|skin_rash|sneezing|swelling_in_face|watery_eyes
Peptic Ulcer,abdominal_pain|bloating|loss_of_appetite|nausea|numbness|stomach_pain|vomiting|weight_loss
Urinary Tract Infection (UTI),abdominal_pain|burning_urination|frequent_urination|pelvic_pain|sore_throat|watery_eyes
Measles,eye_redness|fever|high_fever|skin_rash|sore_throat|watery_eyes
Migraine,blurred_vision|headache|high_blood_pressure|irritability|nausea|swollen_tonsils|vomiting|wet_cough
Psoriasis,itching|skin_peeling|skin_rash
Kidney Stones,back_pain|blood_in_urine|cloudy_urine|fever|flank_pain|frequent_urination|irregular_heartbeat|joint_pain|nausea|painful_urination_in_lower_abdomen|pelvic_pain|swelling_in_face|vomiting
Pneumonia,abdominal_pain|chest_pain|cough|gum_bleeding|irregular_heartbeat|shortness_of_breath|sweating|wet_cough
Common Cold,facial_pain|fatigue|joint_pain|low_blood_pressure|low_fever|runny_nose|sneezing|sore_throat|stuffy_nose
Peptic Ulcer,abdominal_pain|bloating|irritability|itching|loss_of_appetite|low_blood_pressure|low_fever|stomach_pain|vomiting|weight_loss
Gastritis,abdominal_pain|irritability|nausea|rebound_pain|stomach_pain|vomiting
Common Cold,fatigue|headache|runny_nose|sneezing|sore_throat|stuffy_nose|wet_cough
Chickenpox,blisters|fatigue|fever|headache|itching|loss_of_appetite|skin_rash|tremors
Allergy,abdominal_pain|hives|itching|runny_nose|stuffy_nose|watery_eyes
Hypothyroidism,brittle_nails|cold_intolerance|constipation|dry_skin|fatigue|neck_stiffness|slow_heart_rate|weight_gain|wet_cough|white_patches_in_throat
Dengue,body_pain|headache|high_fever|joint_pain|memory_problems|muscle_pain|nausea|post_nasal_drip|red_spots_on_skin|skin_rash|vomiting
Asthma,chest_tightness|cold_hands|cough|difficulty_breathing|fatigue|low_fever|shortness_of_breath|wheezing
Gastritis,abdominal_pain|back_pain|bloating|loss_of_appetite|nausea|stomach_pain|swollen_tonsils
Tuberculosis,blood_in_urine|chest_pain|cough|fatigue|loss_of_appetite|low_fever|night_sweats|weight_loss|wet_cough
Sinusitis,excessive_thirst|facial_pain|low_fever|runny_nose|sinus_pressure|stuffy_nose
Hyperthyroidism,fast_heart_rate|heat_intolerance|palpitations|sweating|weight_loss
Hypertension,confusion|fatigue|gum_bleeding|headache|high_blood_pressure|palpitations|skin_peeling|sweating
Laryngitis,body_pain|dry_cough|hoarseness|memory_problems|sinus_pressure|sore_throat|voice_loss|weight_loss
Migraine,blood_in_urine|blurred_vision|brittle_nails|dizziness|facial_pain|fatigue|headache|irritability|numbness|sore_throat|vomiting|wheezing
Appendicitis,abdominal_pain|abdominal_tenderness|constipation|low_fever|rebound_pain|swollen_tonsils|vomiting|watery_eyes
Arthritis,fatigue|joint_pain|muscle_pain|neck_stiffness|swelling_in_legs
Common Cold,difficulty_swallowing|fatigue|headache|low_fever|post_nasal_drip|runny_nose|sneezing|sore_throat|stuffy_nose|watery_eyes
Typhoid,abdominal_pain|bloating|body_pain|fever|headache|high_fever|weakness
Hepatitis A,abdominal_pain|abdominal_tenderness|cold_feet|dark_urine|fatigue|loss_of_appetite|nausea|pale_stool|vomiting|weakness|yellow_eyes|yellow_skin
Pneumonia,chills|cough|fatigue|fever|memory_problems|rapid_breathing|shortness_of_breath|sweating|wet_cough
Hypertension,chest_pain|dizziness|fatigue|headache|high_blood_pressure
Hypothyroidism,cold_intolerance|fatigue|frequent_infections|hair_loss|memory_problems|runny_nose|slow_heart_rate|stuffy_nose|weight_gain
Food Poisoning,abdominal_pain|cloudy_urine|diarrhea|fever|frequent_urination|nausea|stuffy_nose|vomiting
Urinary Tract Infection (UTI),blisters|burning_urination|cloudy_urine|frequent_urination|low_fever|pelvic_pain|swollen_tonsils
COVID-19,chills|difficulty_breathing|dry_cough|fatigue|fever|headache|hoarseness|loss_of_appetite|loss_of_smell|loss_of_taste|sore_throat
Food Poisoning,abdominal_pain|chills|diarrhea|fever|nausea|palpitations|stomach_pain|vomiting|weakness
Chronic Kidney Disease,fatigue|frequent_urination|loss_of_appetite|swelling_in_feet|swelling_in_legs
Heart Failure,cold_hands|ear_pain|fatigue|high_fever|rapid_breathing|shortness_of_breath|swelling_in_legs|weight_gain
Anemia,chest_pain|cold_feet|cold_hands|dizziness|fatigue|hives|pale_stool|weakness
Coronary Artery Disease,chest_pain|chest_tightness|fatigue|fever|palpitations|shortness_of_breath
Appendicitis,abdominal_pain|abdominal_tenderness|chills|cough|excessive_thirst|nausea|rebound_pain|vomiting|wet_cough
Gastroenteritis,abdominal_pain|brittle_nails|chest_pain|cold_intolerance|diarrhea|excessive_hunger|fever|headache|muscle_cramps|vomiting|weakness
Measles,body_pain|fever|high_fever|loss_of_smell|night_sweats|runny_nose|skin_rash|slow_healing_wounds|white_patches_in_throat
Conjunctivitis,eye_pain|eye_redness|itching|watery_eyes
COVID-19,body_pain|diarrhea|dry_cough|fatigue|fever|sore_throat
Food Poisoning,abdominal_pain|diarrhea|fever|hives|nausea|sweating|vomiting|weakness|weight_loss
Tuberculosis,chest_pain|cough|excessive_sleepiness|fatigue|low_fever|night_sweats|red_spots_on_skin|voice_loss|weight_loss
Peptic Ulcer,abdominal_pain|bloating|burning_urination|confusion|loss_of_appetite|nausea|stomach_pain|testicular_pain|weight_loss
Hyperthyroidism,cold_feet|difficulty_sleeping|fast_heart_rate|hair_loss|heat_intolerance|palpitations|pelvic_pain|sweating|weight_loss
Coronary Artery Disease,chest_tightness|palpitations|shortness_of_breath
Heart Failure,cold_feet|cold_hands|difficulty_sleeping|fatigue|palpitations|rapid_breathing|shortness_of_breath|swelling_in_legs
Pneumonia,chest_pain|chills|cough|excessive_sleepiness|fatigue|fever|rapid_breathing|shortness_of_breath|wet_cough
Anemia,cold_feet|cold_hands|dizziness|fatigue|headache|weakness
Food Poisoning,abdominal_pain|anxiety|cough|diarrhea|joint_pain|loss_of_taste|nausea|painful_urination_in_lower_abdomen|stomach_pain|tingling_sensation|vomiting|weakness
Otitis Media,ear_discharge|ear_pain|hives|irritability|memory_problems|skin_peeling
Tuberculosis,chest_pain|cough|loss_of_appetite|night_sweats|weight_loss|wet_cough
Food Poisoning,abdominal_pain|diarrhea|dry_skin|fever|headache|nausea|stomach_pain|vomiting|yellow_eyes
Food Poisoning,abdominal_pain|back_pain|bloating|chills|diarrhea|fever|nausea|stomach_pain|vomiting|weakness
Psoriasis,brittle_nails|dry_skin|itching|red_spots_on_skin|skin_peeling
Food Poisoning,abdominal_pain|diarrhea|fever|headache|nausea|stomach_pain|vomiting
Diabetes,blurred_vision|excessive_hunger|excessive_thirst|frequent_infections|frequent_urination|loss_of_smell|weight_loss
COVID-19,body_pain|chills|dry_cough|fatigue|fever|headache|loss_of_smell|loss_of_taste|low_blood_pressure|shortness_of_breath|sore_throat|voice_loss
Measles,fever|high_fever|runny_nose|skin_rash|white_patches_in_throat
Diabetes,blurred_vision|dry_cough|excessive_thirst|fatigue|frequent_urination|slow_healing_wounds
Pneumonia,confusion|cough|fever|loss_of_appetite|shortness_of_breath|wet_cough
Hypertension,body_pain|chest_pain|dizziness|fast_heart_rate|fatigue|headache|high_blood_pressure
Gastritis,abdominal_pain|bloating|nausea|stomach_pain|vomiting|weight_loss
Arthritis,abdominal_tenderness|blurred_vision|joint_pain|low_fever|muscle_pain|neck_stiffness|swelling_in_legs
Influenza,blood_in_urine|body_pain|cough|fatigue|fever|high_fever|runny_nose|sore_throat
Eczema,blisters|bloating|body_pain|dry_skin|fatigue|itching|red_spots_on_skin|skin_peeling|skin_rash|slow_heart_rate
Typhoid,abdominal_pain|body_pain|constipation|fever|high_fever|loss_of_appetite|swollen_lymph_nodes|weakness
Pneumonia,blurred_speech|chest_pain|chills|cough|excessive_thirst|fever|frequent_infections|neck_pain|shortness_of_breath|sweating|wet_cough
Chronic Kidney Disease,fatigue|loss_of_appetite|nausea|swelling_in_feet|swelling_in_legs
Chronic Kidney Disease,ear_pain|fatigue|frequent_urination|loss_of_appetite|swelling_in_feet|swelling_in_legs
Kidney Stones,back_pain|blood_in_urine|ear_pain|flank_pain|frequent_urination|muscle_pain|painful_urination_in_lower_abdomen|vomiting
Mumps,eye_pain|facial_pain|fever|headache|muscle_pain|pale_stool|swelling_in_face|swollen_tonsils|testicular_pain
Arthritis,fatigue|joint_pain|low_fever|muscle_pain|neck_stiffness|swelling_in_legs
Hyperthyroidism,anxiety|difficulty_sleeping|excessive_hunger|fast_heart_rate|flank_pain|hair_loss|heat_intolerance|palpitations|sweating|tremors|weight_loss
Migraine,blurred_vision|dry_cough|eye_pain|headache
Coronary Artery Disease,bad_breath|chest_pain|chest_tightness|cold_feet|difficulty_sleeping|dizziness|drooling|excessive_thirst|fatigue|itching|nausea|palpitations|shortness_of_breath|sweating
Hyperthyroidism,fast_heart_rate|heat_intolerance|palpitations|sweating|swelling_in_feet|tremors|weight_loss
Typhoid,abdominal_pain|fever|high_fever|weakness
Typhoid,abdominal_pain|body_pain|constipation|fever|headache|high_fever|sneezing|weakness
Hepatitis A,dark_urine|headache|skin_peeling|vomiting|yellow_eyes|yellow_skin
Influenza,body_pain|cough|fatigue|fever|headache|high_fever|muscle_pain|nausea|rebound_pain|sore_throat|stomach_pain
Measles,cold_feet|fever|hair_loss|high_fever|runny_nose|skin_rash|watery_eyes
Chronic Kidney Disease,fatigue|high_blood_pressure|loss_of_appetite|nausea|slow_healing_wounds|swelling_in_feet|swelling_in_legs
Asthma,chest_tightness|difficulty_breathing|difficulty_sleeping|dizziness|dry_cough|shortness_of_breath|skin_peeling|weakness|wheezing
Chickenpox,blisters|fatigue|fever|itching|loss_of_appetite|skin_rash
Measles,cough|eye_redness|fever|high_fever|pelvic_pain|runny_nose|skin_rash|watery_eyes|white_patches_in_throat
Measles,body_pain|cough|eye_redness|fever|high_fever|skin_rash|sore_throat|watery_eyes
Malaria,blurred_speech|chills|confusion|headache|high_fever|muscle_pain|nausea|sweating|vomiting
Malaria,abdominal_pain|chills|constipation|headache|high_fever|nausea|pelvic_pain|sweating|swollen_lymph_nodes|yellow_skin
Kidney Stones,back_pain|blood_in_urine|cloudy_urine|fever|flank_pain|frequent_urination|painful_urination_in_lower_abdomen
Asthma,chest_tightness|cough|difficulty_breathing|dry_cough|hoarseness|rebound_pain|shortness_of_breath|wheezing
Peptic Ulcer,abdominal_pain|abdominal_tenderness|bloating|loss_of_appetite|nausea|stomach_pain|vomiting|weight_gain|weight_loss
Measles,cough|eye_redness|fever|high_fever|joint_pain|night_sweats|runny_nose|skin_rash|tremors|watery_eyes|white_patches_in_throat
Gastroenteritis,abdominal_pain|diarrhea|fever|nausea|vomiting|weakness
Tuberculosis,body_pain|chest_pain|chills|cough|excessive_sleepiness|fatigue|hearing_difficulty|loss_of_appetite|night_sweats|tremors|weakness|weight_loss|wet_cough
Psoriasis,blisters|irregular_heartbeat|itching|joint_pain|red_spots_on_skin|skin_peeling|skin_rash
Allergy,cough|eye_pain|itching|runny_nose|skin_rash|sneezing
Mumps,facial_pain|fever|muscle_pain|skin_rash|swelling_in_face|swollen_lymph_nodes|testicular_pain
Hepatitis A,abdominal_pain|dark_urine|fatigue|loss_of_appetite|low_fever|nausea|vomiting|weight_gain|yellow_eyes|yellow_skin
Bronchitis,anxiety|chest_tightness|cough|drooling|fatigue|low_fever|weight_loss|wet_cough|wheezing
Appendicitis,abdominal_pain|abdominal_tenderness|low_fever|nausea|rebound_pain|vomiting
Appendicitis,abdominal_pain|abdominal_tenderness|loss_of_appetite|nausea|rebound_pain|vomiting
Conjunctivitis,blurred_vision|eye_pain|eye_redness|hives|itching|swelling_in_face|watery_eyes
Mumps,facial_pain|fever|headache|loss_of_appetite|muscle_pain|swelling_in_face
Dengue,body_pain|eye_pain|headache|high_fever|joint_pain|nausea|night_sweats|red_spots_on_skin|skin_rash|vomiting
Gastroenteritis,abdominal_pain|bloating|diarrhea|dizziness|fever|frequent_urination|nausea|vomiting|weakness
Hypothyroidism,cold_intolerance|constipation|excessive_sleepiness|fatigue|hair_loss|low_blood_pressure|weight_gain
Otitis Media,back_pain|ear_discharge|ear_pain|fever|headache|hearing_difficulty
Migraine,blurred_vision|dizziness|fatigue|headache|irritability|nausea|vomiting
Hepatitis A,abdominal_pain|drooling|fatigue|frequent_urination|nausea|weakness|yellow_eyes|yellow_skin
Arthritis,fatigue|joint_pain|muscle_pain|slow_healing_wounds|swelling_in_legs
Food Poisoning,bloating|constipation|diarrhea|fever|nausea|slow_healing_wounds|vomiting|weakness
Food Poisoning,abdominal_pain|diarrhea|fever|headache|nausea|stomach_pain|tremors|vomiting
Heart Failure,cloudy_urine|cold_feet|fatigue|mouth_ulcers|rapid_breathing|rebound_pain|shortness_of_breath|swelling_in_feet|swelling_in_legs
Tonsillitis,bad_breath|diarrhea|difficulty_swallowing|fever|flank_pain|sore_throat|swollen_lymph_nodes|swollen_tonsils
Kidney Stones,back_pain|blood_in_urine|excessive_sleepiness|fever|flank_pain|nausea
Otitis Media,ear_discharge|ear_pain|fever|low_fever|wet_cough
Kidney Stones,back_pain|blood_in_urine|cloudy_urine|fever|flank_pain|frequent_urination|nausea|painful_urination_in_lower_abdomen|vomiting
Hyperthyroidism,anxiety|blisters|difficulty_sleeping|fast_heart_rate|hair_loss|heat_intolerance|irregular_heartbeat|palpitations|sweating|tremors|weight_loss
Malaria,chills|diarrhea|fatigue|high_fever|muscle_pain|nausea|sweating|vomiting
Food Poisoning,abdominal_pain|blurred_speech|blurred_vision|chills|diarrhea|facial_pain|fever|gum_bleeding|nausea|stomach_pain|stuffy_nose|vomiting|weakness
Hypothyroidism,cold_intolerance|constipation|dry_skin|excessive_sleepiness|fatigue|hair_loss|weight_gain
Tuberculosis,body_pain|chills|cough|fast_heart_rate|loss_of_appetite|low_fever|night_sweats|weight_loss|wet_cough
Chickenpox,blisters|excessive_thirst|high_fever|itching|loss_of_appetite|skin_rash
Chronic Kidney Disease,cloudy_urine|high_blood_pressure|itching|loss_of_appetite|nausea|swelling_in_feet|swelling_in_legs
Tuberculosis,blood_in_urine|chest_pain|cough|fatigue|loss_of_appetite|low_fever|weight_loss|wet_cough
Measles,cough|difficulty_sleeping|fever|high_fever|runny_nose|skin_rash|sore_throat|watery_eyes
Typhoid,abdominal_pain|constipation|excessive_thirst|fever|headache|high_fever|hives|skin_peeling|weakness
Food Poisoning,abdominal_pain|dark_urine|diarrhea|fever|mouth_ulcers|muscle_cramps|nausea|stomach_pain|vomiting|weakness
Laryngitis,dry_cough|hoarseness|loss_of_taste|sore_throat|voice_loss
Common Cold,ear_discharge|post_nasal_drip|runny_nose|sneezing|sore_throat|stuffy_nose
Appendicitis,abdominal_pain|abdominal_tenderness|flank_pain|low_fever|nausea|rebound_pain|skin_peeling
Chronic Kidney Disease,eye_pain|fatigue|frequent_urination|hair_loss|high_blood_pressure|joint_pain|nausea|sweating|swelling_in_feet|swelling_in_legs
Malaria,chills|headache|high_fever|nausea|sweating|vomiting
Chronic Kidney Disease,fatigue|frequent_urination|loss_of_appetite|muscle_cramps|nausea|swelling_in_feet|swelling_in_legs|tremors|vomiting
Hypertension,body_pain|chest_pain|dizziness|eye_redness|fast_heart_rate|headache|high_blood_pressure|night_sweats|tingling_sensation
Psoriasis,dry_skin|fatigue|itching|red_spots_on_skin|skin_peeling|skin_rash
Kidney Stones,back_pain|blood_in_urine|cloudy_urine|fever|flank_pain|vomiting
Heart Failure,cold_feet|difficulty_breathing|fatigue|irregular_heartbeat|loss_of_appetite|palpitations|rapid_breathing|shortness_of_breath|slow_healing_wounds|swelling_in_feet|swelling_in_legs|white_patches_in_throat
Tonsillitis,bad_breath|difficulty_swallowing|fever|headache|sore_throat|swollen_lymph_nodes|swollen_tonsils|vomiting|yellow_skin
Arthritis,blurred_vision|joint_pain|low_fever|muscle_pain|swelling_in_legs
Bronchitis,chest_tightness|fast_heart_rate|fatigue|hearing_difficulty|low_fever|pale_stool|shortness_of_breath|sore_throat|wet_cough
Bronchitis,confusion|cough|fatigue|slow_healing_wounds|sore_throat|swelling_in_legs|wet_cough|wheezing
Migraine,blurred_vision|eye_pain|headache|itching|nausea|vomiting
Allergy,cough|hives|itching|runny_nose|sneezing
Urinary Tract Infection (UTI),abdominal_pain|blood_in_urine|blurred_speech|burning_urination|cloudy_urine|frequent_urination|pelvic_pain|tremors
Allergy,confusion|itching|runny_nose|sneezing|swollen_tonsils|watery_eyes
Appendicitis,abdominal_pain|abdominal_tenderness|bloating|dizziness|nausea|painful_urination_in_lower_abdomen|rebound_pain|vomiting|white_patches_in_throat
Typhoid,abdominal_pain|body_pain|burning_urination|constipation|fever|frequent_infections|high_fever|joint_pain|red_spots_on_skin|skin_rash|weakness
Tuberculosis,cough|fatigue|low_fever|night_sweats|weight_loss|wet_cough
Sinusitis,bad_breath|cough|facial_pain|headache|runny_nose|sinus_pressure|stuffy_nose|swelling_in_feet
Sinusitis,cough|facial_pain|headache|post_nasal_drip|sinus_pressure|stomach_pain|stuffy_nose
Influenza,body_pain|chest_tightness|chills|cough|fatigue|fever|nausea|runny_nose|sore_throat|sweating|vomiting
Sinusitis,blisters|facial_pain|memory_problems|muscle_cramps|sinus_pressure|stuffy_nose|swelling_in_face
Hepatitis B,abdominal_pain|dark_urine|fatigue|joint_pain|loss_of_appetite|nausea|pale_stool|yellow_eyes|yellow_skin
Measles,cough|eye_redness|fever|high_fever|nausea|runny_nose|skin_rash
Influenza,body_pain|chills|cough|fatigue|headache|high_fever|loss_of_appetite|muscle_pain|neck_pain|runny_nose|skin_peeling|sore_throat|tremors|weakness
Mumps,blurred_vision|ear_pain|facial_pain|fever|headache|loss_of_appetite|muscle_pain|swelling_in_face
Asthma,anxiety|chest_tightness|cough|difficulty_breathing|dry_cough|fatigue|mouth_ulcers|rapid_breathing|shortness_of_breath|wheezing
Peptic Ulcer,abdominal_pain|bloating|chills|cough|difficulty_sleeping|stomach_pain|sweating|vomiting
Hypertension,chest_pain|dizziness|fatigue|headache|high_blood_pressure|night_sweats|watery_eyes
Migraine,blurred_vision|dizziness|fatigue|headache|irritability|nausea|numbness|vomiting
Malaria,abdominal_pain|chills|fatigue|headache|high_fever|sweating|vomiting
Laryngitis,difficulty_swallowing|dry_cough|hoarseness|night_sweats|sinus_pressure|sore_throat|voice_loss
Sinusitis,blisters|chest_pain|cough|facial_pain|hair_loss|headache|runny_nose|sinus_pressure|stuffy_nose
Diabetes,blurred_vision|excessive_hunger|excessive_thirst|fatigue|frequent_infections|frequent_urination|irregular_heartbeat|watery_eyes|weight_loss
Asthma,abdominal_pain|chest_tightness|difficulty_breathing|dry_cough|post_nasal_drip|sweating|wheezing
Hepatitis A,abdominal_pain|dark_urine|fatigue|joint_pain|nausea|pale_stool|sinus_pressure|swollen_lymph_nodes|yellow_eyes|yellow_skin
Otitis Media,ear_discharge|ear_pain|fever|hearing_difficulty|irritability|low_fever
Sinusitis,ear_pain|excessive_thirst|facial_pain|headache|runny_nose|sinus_pressure|sneezing|stuffy_nose
Hepatitis A,dark_urine|fatigue|hair_loss|nausea|pale_stool|vomiting|yellow_eyes|yellow_skin
Measles,eye_redness|fever|high_fever|painful_urination_in_lower_abdomen|runny_nose|skin_rash|sore_throat
Appendicitis,abdominal_pain|abdominal_tenderness|confusion|rebound_pain|white_patches_in_throat
Mumps,difficulty_swallowing|ear_pain|facial_pain|fever|headache|loss_of_appetite|muscle_pain|swelling_in_face|weight_gain
Tuberculosis,cough|fatigue|night_sweats|weight_loss|wet_cough
Tuberculosis,chest_pain|cough|fatigue|loss_of_appetite|night_sweats|sore_throat|weakness|weight_loss|wet_cough
Diabetes,blurred_vision|excessive_hunger|excessive_thirst|fatigue|frequent_urination|numbness|rebound_pain|slow_healing_wounds|tingling_sensation
Psoriasis,bad_breath|brittle_nails|dry_skin|hoarseness|irregular_heartbeat|itching|joint_pain|low_fever|rapid_breathing|red_spots_on_skin|skin_peeling|skin_rash
Hypertension,chest_pain|dizziness|headache|high_blood_pressure|watery_eyes
Psoriasis,cough|fatigue|itching|joint_pain|red_spots_on_skin|skin_peeling|skin_rash
Measles,body_pain|cold_intolerance|eye_redness|fever|high_fever|skin_peeling|skin_rash
Coronary Artery Disease,chest_pain|chest_tightness|fatigue|nausea|pale_stool|shortness_of_breath|sweating
Coronary Artery Disease,chest_pain|chest_tightness|drooling|frequent_infections|shortness_of_breath
Measles,blurred_speech|cough|eye_redness|fever|high_fever|runny_nose|skin_rash|watery_eyes|white_patches_in_throat
Common Cold,headache|low_fever|memory_problems|runny_nose|sneezing|sore_throat|stomach_pain|stuffy_nose
Coronary Artery Disease,chest_pain|chest_tightness|constipation|palpitations|shortness_of_breath
Migraine,blurred_vision|ear_pain|excessive_sleepiness|fatigue|headache|irritability|vomiting
Peptic Ulcer,abdominal_pain|abdominal_tenderness|bloating|cloudy_urine|fever|loss_of_appetite|stomach_pain|weight_loss|white_patches_in_throat
Mumps,difficulty_swallowing|ear_pain|facial_pain|fever|headache|loss_of_appetite|muscle_pain|swelling_in_face|wheezing
Malaria,chills|fatigue|fever|headache|high_fever|muscle_pain|nausea|sweating|swelling_in_face|yellow_eyes
Measles,anxiety|eye_redness|fever|hoarseness|muscle_cramps|runny_nose|skin_rash|watery_eyes
Dengue,headache|high_fever|joint_pain|vomiting|weakness
Pneumonia,chest_pain|chills|confusion|cough|fatigue|fever|nausea|shortness_of_breath|wet_cough
Urinary Tract Infection (UTI),burning_urination|frequent_urination|pale_stool
Kidney Stones,back_pain|blood_in_urine|cloudy_urine|flank_pain|frequent_urination|nausea|painful_urination_in_lower_abdomen
Common Cold,cough|fatigue|headache|low_fever|runny_nose|sore_throat|stuffy_nose
Mumps,ear_pain|facial_pain|fever|headache|loss_of_appetite|muscle_pain|swelling_in_face|swollen_lymph_nodes|wet_cough
Typhoid,abdominal_pain|diarrhea|fatigue|fever|headache|heat_intolerance|high_fever|loss_of_appetite|weakness
COVID-19,body_pain|diarrhea|dry_cough|fatigue|fever|loss_of_smell|loss_of_taste|skin_rash|sore_throat
Gastroenteritis,abdominal_pain|chest_tightness|diarrhea|muscle_cramps|vomiting|weakness
Urinary Tract Infection (UTI),abdominal_pain|blood_in_urine|burning_urination|cloudy_urine|frequent_urination|low_fever|nausea
Food Poisoning,abdominal_pain|chills|diarrhea|fever|nausea|painful_urination_in_lower_abdomen|sneezing|stomach_pain|sweating|vomiting|weakness
Migraine,blurred_speech|blurred_vision|headache|high_fever|itching|nausea|vomiting
Diabetes,blurred_vision|excessive_hunger|excessive_thirst|fatigue|frequent_urination|numbness|red_spots_on_skin|weight_loss
Migraine,blurred_vision|dry_skin|fatigue|headache|heat_intolerance|loss_of_appetite|nausea|slow_healing_wounds|vomiting
Typhoid,abdominal_pain|fever|headache|high_fever|loss_of_appetite|skin_rash|weakness
Tuberculosis,chest_pain|cough|fatigue|loss_of_appetite|night_sweats|weakness|weight_loss|wet_cough
Pneumonia,chest_pain|cough|excessive_hunger|nausea|rapid_breathing|shortness_of_breath|swelling_in_feet|wet_cough
Hyperthyroidism,dark_urine|difficulty_sleeping|fast_heart_rate|heat_intolerance|palpitations|sweating|tremors|weight_loss|wheezing
Typhoid,abdominal_pain|cloudy_urine|constipation|fever|headache|high_fever|shortness_of_breath|weakness
Eczema,blurred_speech|dry_skin|itching|red_spots_on_skin|skin_peeling|skin_rash
Hepatitis A,dark_urine|facial_pain|fatigue|nausea|swelling_in_legs|yellow_eyes|yellow_skin
Hepatitis B,back_pain|cold_feet|difficulty_breathing|eye_redness|fatigue|itching|loss_of_appetite|low_fever|weakness|yellow_eyes|yellow_skin
Hepatitis B,abdominal_pain|fatigue|loss_of_appetite|loss_of_smell|nausea|pale_stool|swelling_in_feet|weakness|yellow_eyes|yellow_skin
Hepatitis B,abdominal_pain|fatigue|flank_pain|itching|loss_of_appetite|nausea|pale_stool|tingling_sensation|vomiting|yellow_eyes|yellow_skin
Arthritis,joint_pain|muscle_pain|swelling_in_legs|weakness
Otitis Media,ear_discharge|ear_pain|facial_pain|fever|headache|hearing_difficulty|low_fever
Diabetes,blurred_vision|cold_hands|excessive_thirst|fatigue|frequent_urination
Common Cold,drooling|ear_discharge|runny_nose|sneezing|sore_throat|watery_eyes
Sinusitis,ear_pain|facial_pain|post_nasal_drip|runny_nose|stuffy_nose
Gastroenteritis,abdominal_pain|abdominal_tenderness|diarrhea|fever|nausea|palpitations|skin_rash|vomiting
Chickenpox,blisters|flank_pain|itching|loss_of_appetite|skin_rash|stuffy_nose
Otitis Media,ear_discharge|ear_pain|fever|irritability
Malaria,chills|fatigue|headache|high_fever|loss_of_smell|muscle_pain|nausea|sweating|vomiting
Anemia,brittle_nails|cold_feet|cold_hands|dizziness|fast_heart_rate|fatigue|heat_intolerance|high_fever|weakness
Eczema,cold_feet|dry_skin|fast_heart_rate|itching|joint_pain|red_spots_on_skin|skin_peeling|skin_rash|sore_throat|swelling_in_face
Influenza,blurred_vision|body_pain|cough|fever|high_fever|muscle_pain|runny_nose|sweating
Hyperthyroidism,excessive_hunger|fast_heart_rate|heat_intolerance|irregular_heartbeat|palpitations|pelvic_pain|rebound_pain|tremors|weight_loss
Psoriasis,dry_skin|fatigue|itching|palpitations|red_spots_on_skin|skin_rash
Gastritis,abdominal_pain|bloating|nausea|sneezing|stomach_pain|weight_loss
Eczema,dry_cough|dry_skin|ear_discharge|irregular_heartbeat|itching|red_spots_on_skin|skin_rash|slow_heart_rate
Kidney Stones,back_pain|blood_in_urine|chills|excessive_hunger|flank_pain|frequent_urination|nausea|painful_urination_in_lower_abdomen
Chickenpox,back_pain|blisters|fatigue|fever|itching|skin_rash
COVID-19,chest_pain|chills|diarrhea|dry_cough|ear_discharge|fatigue|fever|loss_of_smell|low_blood_pressure|nausea|palpitations|sore_throat
Hepatitis A,dark_urine|fatigue|loss_of_appetite|nausea|vomiting|yellow_eyes|yellow_skin
COVID-19,body_pain|chills|diarrhea|dry_cough|fatigue|fever|loss_of_taste|shortness_of_breath|sore_throat
Typhoid,abdominal_pain|constipation|fever|headache|high_fever|joint_pain|shortness_of_breath|weakness
COVID-19,bad_breath|body_pain|chills|confusion|diarrhea|dry_cough|fatigue|fever|headache|loss_of_taste|swollen_tonsils|yellow_eyes
Kidney Stones,back_pain|blood_in_urine|nausea|vomiting
Pneumonia,chills|cold_intolerance|cough|difficulty_swallowing|eye_redness|fatigue|fever|nausea|rapid_breathing|shortness_of_breath|wet_cough
Influenza,body_pain|chills|cough|fatigue|fever|high_fever|muscle_pain|sore_throat|vomiting
Common Cold,difficulty_swallowing|ear_pain|fatigue|post_nasal_drip|runny_nose|sneezing|sore_throat|stuffy_nose
Urinary Tract Infection (UTI),abdominal_pain|blood_in_urine|burning_urination|frequent_urination|pelvic_pain|skin_rash
Sinusitis,cough|facial_pain|headache|irregular_heartbeat|muscle_cramps|post_nasal_drip|runny_nose|sinus_pressure|stuffy_nose|swelling_in_face
Bronchitis,chest_tightness|cough|low_fever|sore_throat|swelling_in_feet|wet_cough|wheezing
Diabetes,excessive_hunger|excessive_thirst|fatigue|frequent_infections|frequent_urination|tingling_sensation|weight_loss
Dengue,body_pain|chills|headache|high_fever|joint_pain|nausea|swelling_in_legs|vomiting|weakness
Laryngitis,cloudy_urine|dry_cough|hoarseness|night_sweats|sore_throat|voice_loss
Bronchitis,abdominal_pain|chest_tightness|cough|fatigue|low_fever|memory_problems|wet_cough
Appendicitis,abdominal_pain|abdominal_tenderness|ear_pain|itching|rapid_breathing|rebound_pain|vomiting
Appendicitis,abdominal_pain|abdominal_tenderness|drooling|low_fever|nausea|rebound_pain|stomach_pain|vomiting
Dengue,body_pain|headache|high_fever|sinus_pressure|skin_rash|vomiting
Coronary Artery Disease,back_pain|body_pain|chest_pain|chest_tightness|constipation|facial_pain|fatigue|shortness_of_breath|sweating|weakness
Hypothyroidism,brittle_nails|cold_intolerance|constipation|dry_skin|excessive_sleepiness|excessive_thirst|fatigue|hair_loss|slow_heart_rate|weakness|weight_gain
Laryngitis,difficulty_swallowing|hoarseness|sinus_pressure|sore_throat|voice_loss
Eczema,blisters|cold_intolerance|dry_skin|itching|red_spots_on_skin|skin_peeling|skin_rash|swollen_lymph_nodes|weakness
Hepatitis B,dark_urine|fatigue|joint_pain|loss_of_appetite|low_fever|wet_cough|yellow_eyes|yellow_skin
Gastritis,abdominal_pain|loss_of_appetite|nausea|stomach_pain|testicular_pain|vomiting|weight_loss
Laryngitis,chest_tightness|difficulty_swallowing|dry_cough|sinus_pressure|sore_throat|voice_loss
Common Cold,cough|headache|low_fever|sneezing|sore_throat
Sinusitis,anxiety|burning_urination|facial_pain|headache|low_fever|post_nasal_drip|runny_nose|stuffy_nose
Tonsillitis,bad_breath|cloudy_urine|difficulty_swallowing|ear_pain|headache|memory_problems|sore_throat|swollen_tonsils|vomiting
Tonsillitis,difficulty_swallowing|ear_pain|fever|headache|sore_throat|swollen_lymph_nodes|swollen_tonsils
Laryngitis,abdominal_tenderness|hoarseness|sinus_pressure|sore_throat|voice_loss
Gastroenteritis,diarrhea|fever|nausea|vomiting|weakness
Laryngitis,difficulty_swallowing|hoarseness|sore_throat|swelling_in_legs|voice_loss
Common Cold,cold_intolerance|cough|high_fever|runny_nose|sneezing|sore_throat|stuffy_nose|watery_eyes|yellow_eyes
Psoriasis,brittle_nails|itching|joint_pain|red_spots_on_skin|skin_peeling|skin_rash|slow_healing_wounds|watery_eyes
Hypertension,dizziness|fast_heart_rate|headache|high_blood_pressure|pelvic_pain
Allergy,cough|itching|runny_nose|skin_peeling|skin_rash|sneezing
Psoriasis,dry_skin|joint_pain|red_spots_on_skin|skin_peeling|skin_rash|tremors|watery_eyes
Psoriasis,brittle_nails|dry_skin|fatigue|itching|joint_pain|skin_peeling|skin_rash
Arthritis,excessive_thirst|fatigue|joint_pain|neck_stiffness|swelling_in_legs|weakness
Hypertension,back_pain|chest_pain|constipation|headache|high_blood_pressure|swelling_in_face
Tuberculosis,chest_pain|cough|excessive_sleepiness|low_fever|night_sweats|skin_rash|vomiting|weight_loss|wet_cough
Peptic Ulcer,abdominal_pain|abdominal_tenderness|bloating|headache|loss_of_appetite|nausea|stomach_pain|vomiting|weight_loss
Typhoid,abdominal_pain|body_pain|cloudy_urine|constipation|ear_pain|fever|headache|high_fever|loss_of_appetite|neck_stiffness|skin_rash|weakness
Chronic Kidney Disease,abdominal_pain|drooling|fatigue|frequent_urination|nausea|swelling_in_feet|swelling_in_legs
Sinusitis,cloudy_urine|facial_pain|headache|post_nasal_drip|runny_nose|sinus_pressure|stuffy_nose
Asthma,anxiety|back_pain|chest_tightness|cloudy_urine|difficulty_sleeping|dry_cough|fatigue|shortness_of_breath|wheezing
Diabetes,blood_in_urine|excessive_thirst|fatigue|frequent_infections|frequent_urination|mouth_ulcers|swollen_lymph_nodes|tingling_sensation
Heart Failure,fatigue|irregular_heartbeat|palpitations|post_nasal_drip|rapid_breathing|shortness_of_breath|swelling_in_feet|swelling_in_legs
COVID-19,dry_cough|dry_skin|fatigue|fever|painful_urination_in_lower_abdomen|runny_nose|sore_throat
Arthritis,cloudy_urine|joint_pain|low_fever|muscle_pain|neck_stiffness|swelling_in_legs
Laryngitis,dark_urine|difficulty_swallowing|hoarseness|loss_of_smell|neck_pain|palpitations|sinus_pressure|sore_throat|voice_loss
Gastritis,abdominal_pain|abdominal_tenderness|bloating|constipation|nausea|rebound_pain|stomach_pain|vomiting
Coronary Artery Disease,bloating|chest_pain|chest_tightness|ear_pain|mouth_ulcers|red_spots_on_skin|shortness_of_breath|sweating
Diabetes,excessive_hunger|excessive_thirst|fatigue|frequent_urination|numbness|slow_healing_wounds|weight_loss
Hypothyroidism,cold_intolerance|dry_skin|excessive_sleepiness|fatigue|hair_loss|slow_heart_rate|weight_gain
COVID-19,diarrhea|dry_cough|fatigue|fever|headache|hoarseness|loss_of_smell|loss_of_taste|sore_throat
Tuberculosis,body_pain|chest_tightness|cough|dry_cough|fatigue|night_sweats|weakness|weight_loss|wet_cough
Anemia,cold_hands|dizziness|fast_heart_rate|fatigue|high_blood_pressure|memory_problems|neck_stiffness|slow_healing_wounds|weakness
Migraine,blurred_vision|dizziness|fatigue|headache|nausea|shortness_of_breath|vomiting|weakness
Coronary Artery Disease,anxiety|chest_pain|chest_tightness|dizziness|fatigue|nausea|palpitations|shortness_of_breath|slow_heart_rate|swelling_in_feet|weight_gain
Diabetes,dry_skin|excessive_hunger|excessive_thirst|fatigue|frequent_urination|heat_intolerance|sneezing|tingling_sensation
Tuberculosis,cough|low_fever|night_sweats|weight_loss
Kidney Stones,abdominal_tenderness|back_pain|blood_in_urine|cloudy_urine|dry_cough|flank_pain|nausea|vomiting
Mumps,bloating|facial_pain|fatigue|fever|headache|loss_of_appetite|low_blood_pressure|muscle_pain|sore_throat|swelling_in_face
Dengue,body_pain|chest_pain|dizziness|eye_pain|headache|high_fever|joint_pain|nausea|red_spots_on_skin|vomiting
Diabetes,blurred_vision|excessive_hunger|excessive_thirst|fatigue|frequent_infections|frequent_urination
Sinusitis,facial_pain|low_fever|post_nasal_drip|sinus_pressure|stuffy_nose
Hypertension,chest_pain|headache|high_blood_pressure|palpitations
Diabetes,bad_breath|blurred_vision|dizziness|excessive_thirst|fatigue|frequent_infections|frequent_urination|numbness|sweating|swollen_tonsils|weight_loss
Mumps,cold_hands|confusion|excessive_hunger|facial_pain|fatigue|headache|loss_of_appetite|muscle_pain|swelling_in_face|weight_loss
Psoriasis,fatigue|itching|joint_pain|red_spots_on_skin|skin_peeling|skin_rash|swelling_in_face
Otitis Media,burning_urination|dark_urine|ear_discharge|ear_pain|fast_heart_rate|fever|headache|hearing_difficulty|low_fever|rebound_pain
Arthritis,difficulty_swallowing|fatigue|joint_pain|low_fever|muscle_pain|skin_rash|swelling_in_legs
Hypothyroidism,blood_in_urine|cold_intolerance|dark_urine|fatigue|memory_problems|sinus_pressure|weight_gain
Appendicitis,abdominal_pain|abdominal_tenderness|nausea|rebound_pain
Food Poisoning,abdominal_pain|anxiety|diarrhea|fever|nausea|stomach_pain|vomiting|weakness
Urinary Tract Infection (UTI),abdominal_pain|back_pain|blood_in_urine|burning_urination|cloudy_urine|excessive_sleepiness|frequent_urination|headache|pelvic_pain|swollen_lymph_nodes|tingling_sensation|voice_loss
Eczema,blisters|constipation|cough|dry_skin|frequent_urination|itching|loss_of_smell|red_spots_on_skin|skin_rash|swelling_in_face
COVID-19,body_pain|dry_cough|fatigue|fever|headache|loss_of_smell|loss_of_taste|rebound_pain
Tonsillitis,bad_breath|difficulty_swallowing|ear_pain|fever|headache|runny_nose|sore_throat|swollen_tonsils|voice_loss
Chickenpox,blisters|fatigue|fever|itching|loss_of_appetite|skin_rash|swollen_lymph_nodes|weakness
Chronic Kidney Disease,bad_breath|frequent_urination|high_blood_pressure|loss_of_appetite|nausea|swelling_in_feet|swelling_in_legs
Kidney Stones,back_pain|blood_in_urine|fever|flank_pain|frequent_urination|night_sweats|pelvic_pain
Hepatitis B,brittle_nails|fatigue|high_blood_pressure|joint_pain|loss_of_appetite|low_fever|nausea|weakness|yellow_eyes|yellow_skin
Peptic Ulcer,abdominal_pain|bloating|nausea|stomach_pain
Sinusitis,cough|facial_pain|headache|low_fever|muscle_cramps|runny_nose|sinus_pressure|stuffy_nose
Malaria,chest_pain|chills|diarrhea|fatigue|headache|heat_intolerance|high_fever|nausea|sweating|vomiting|wheezing
Otitis Media,dizziness|ear_discharge|ear_pain|fever|headache|hearing_difficulty|irritability|stomach_pain
Hypertension,chest_pain|confusion|headache|high_blood_pressure|palpitations
Urinary Tract Infection (UTI),abdominal_pain|back_pain|burning_urination|drooling|frequent_urination|nausea
Malaria,high_fever|muscle_pain|painful_urination_in_lower_abdomen|sweating|vomiting
Tonsillitis,bad_breath|fever|headache|sore_throat|swollen_lymph_nodes|swollen_tonsils|white_patches_in_throat
Hyperthyroidism,difficulty_sleeping|excessive_hunger|eye_pain|fast_heart_rate|heat_intolerance|palpitations|slow_healing_wounds|sweating|tremors|weight_loss
Gastritis,abdominal_pain|bloating|loss_of_appetite|nausea|stomach_pain|vomiting
Allergy,cough|itching|nausea|runny_nose|skin_rash|sneezing|stuffy_nose|watery_eyes
Tonsillitis,difficulty_swallowing|mouth_ulcers|sneezing|sore_throat|stuffy_nose
Pneumonia,chest_pain|chills|cold_hands|confusion|cough|dizziness|fever|loss_of_appetite|neck_stiffness|night_sweats|shortness_of_breath|wet_cough
Mumps,bad_breath|difficulty_swallowing|ear_pain|facial_pain|fever|headache|irritability|muscle_pain|painful_urination_in_lower_abdomen|swelling_in_face
COVID-19,body_pain|dry_cough|fatigue|fever|loss_of_smell|muscle_cramps|sore_throat
Laryngitis,dry_cough|sore_throat|sweating|voice_loss
Asthma,chest_tightness|difficulty_sleeping|dry_cough|fatigue|hives|rapid_breathing|shortness_of_breath|swollen_tonsils|wheezing
Dengue,body_pain|headache|high_blood_pressure|high_fever|joint_pain|nausea|vomiting|yellow_eyes
Malaria,chills|dry_skin|fatigue|headache|high_fever|loss_of_appetite|nausea|sweating|vomiting
Tuberculosis,body_pain|chest_pain|cough|dry_skin|fatigue|loss_of_appetite|low_fever|night_sweats|stomach_pain|swelling_in_feet|weight_loss|wet_cough
Eczema,dry_skin|excessive_hunger|irregular_heartbeat|itching|low_fever|red_spots_on_skin|skin_rash|swelling_in_legs|yellow_eyes
Peptic Ulcer,abdominal_pain|bloating|fatigue|loss_of_appetite|mouth_ulcers|nausea|stomach_pain
Anemia,cold_feet|cold_hands|dizziness|fast_heart_rate|fatigue|joint_pain|sore_throat|weakness
Hypertension,blurred_vision|dizziness|headache|high_blood_pressure|palpitations
Typhoid,abdominal_pain|constipation|dark_urine|diarrhea|fever|high_fever|irregular_heartbeat|loss_of_appetite|weakness
Arthritis,dry_skin|fatigue|joint_pain|low_fever|muscle_pain|neck_stiffness|swelling_in_legs|weakness
Mumps,facial_pain|fever|hearing_difficulty|heat_intolerance|hoarseness|loss_of_appetite|muscle_pain|skin_peeling|swelling_in_face|swollen_lymph_nodes
Bronchitis,body_pain|chest_tightness|cough|excessive_thirst|fatigue|headache|irritability|low_fever|neck_stiffness|sneezing|wet_cough|wheezing
Hepatitis B,dry_cough|fatigue|joint_pain|loss_of_appetite|loss_of_smell|yellow_eyes|yellow_skin
Laryngitis,difficulty_swallowing|dry_cough|hearing_difficulty|hoarseness|sinus_pressure|sore_throat|voice_loss
Bronchitis,chest_tightness|cough|fatigue|low_fever|shortness_of_breath|testicular_pain|wet_cough
Influenza,body_pain|cough|fatigue|fever|headache|high_fever|muscle_pain|pale_stool|runny_nose|sweating
Eczema,dry_skin|frequent_infections|itching|red_spots_on_skin|skin_rash
Hepatitis B,abdominal_pain|dark_urine|fatigue|irritability|loss_of_appetite|low_fever|nausea|pale_stool|runny_nose|skin_rash|weakness|yellow_eyes|yellow_skin
Peptic Ulcer,abdominal_pain|bloating|fatigue|loss_of_appetite|pelvic_pain|stomach_pain|weight_loss
Typhoid,abdominal_pain|constipation|fever|high_fever|loss_of_appetite|mouth_ulcers|red_spots_on_skin|weakness
Asthma,anxiety|chest_tightness|cough|difficulty_breathing|shortness_of_breath|tingling_sensation|wheezing
Migraine,blurred_vision|diarrhea|difficulty_sleeping|headache|nausea|rebound_pain
Food Poisoning,abdominal_pain|diarrhea|difficulty_swallowing|nausea|neck_stiffness|vomiting|weight_gain
COVID-19,body_pain|confusion|diarrhea|dry_cough|fatigue|fever|loss_of_taste
Dengue,body_pain|gum_bleeding|headache|high_fever|joint_pain|slow_healing_wounds
Dengue,body_pain|headache|high_fever|joint_pain|nausea|skin_rash|sneezing|white_patches_in_throat
Chronic Kidney Disease,blood_in_urine|fatigue|high_blood_pressure|hoarseness|itching|loss_of_appetite|mouth_ulcers|neck_stiffness|swelling_in_feet|swelling_in_legs
Eczema,cold_hands|difficulty_swallowing|dry_skin|itching|skin_peeling|skin_rash
Common Cold,headache|joint_pain|low_fever|runny_nose|sneezing|sore_throat|stuffy_nose
Mumps,difficulty_swallowing|ear_pain|facial_pain|fatigue|loss_of_appetite|muscle_pain|swelling_in_face
Hypothyroidism,cold_intolerance|constipation|dry_skin|excessive_thirst|fatigue|hair_loss|slow_heart_rate|weight_gain|wet_cough
Mumps,facial_pain|loss_of_appetite|muscle_pain|swelling_in_face
Bronchitis,chest_tightness|cough|fatigue|irregular_heartbeat|sore_throat|wet_cough|wheezing
Allergy,eye_redness|itching|runny_nose|skin_rash|sneezing|watery_eyes
Heart Failure,cold_feet|fatigue|irregular_heartbeat|muscle_cramps|palpitations|shortness_of_breath|swelling_in_feet|swelling_in_legs
Eczema,dry_skin|itching|red_spots_on_skin|skin_peeling|skin_rash|swelling_in_face
Hypothyroidism,cold_intolerance|diarrhea|excessive_sleepiness|fatigue|hair_loss|headache|irritability|slow_heart_rate|testicular_pain|weight_gain
Kidney Stones,back_pain|blood_in_urine|flank_pain|nausea|vomiting
Kidney Stones,abdominal_tenderness|back_pain|blood_in_urine|cloudy_urine|flank_pain|frequent_urination|nausea|painful_urination_in_lower_abdomen|voice_loss|vomiting
Common Cold,body_pain|cough|difficulty_swallowing|fatigue|headache|runny_nose|slow_healing_wounds|sneezing|sore_throat|stuffy_nose|watery_eyes
Appendicitis,abdominal_pain|abdominal_tenderness|bloating|constipation|frequent_urination|low_fever|muscle_cramps|nausea|numbness|rebound_pain
Tuberculosis,chest_pain|fatigue|heat_intolerance|low_fever|night_sweats|weakness|weight_loss|wet_cough
Sinusitis,bad_breath|cough|facial_pain|headache|muscle_cramps|runny_nose|sinus_pressure
Urinary Tract Infection (UTI),abdominal_pain|burning_urination|cloudy_urine|dizziness|frequent_urination|pelvic_pain
Asthma,chest_tightness|cough|dark_urine|difficulty_sleeping|dry_cough|fatigue|shortness_of_breath|wheezing
Bronchitis,body_pain|cough|fatigue|fever|headache|hoarseness|low_fever|wet_cough
Dengue,body_pain|headache|joint_pain|nausea|pelvic_pain|skin_rash|weakness
Conjunctivitis,eye_redness|itching|nausea|stuffy_nose|swelling_in_face|vomiting|watery_eyes
Gastritis,abdominal_pain|fatigue|nausea|stomach_pain|vomiting|weight_loss
Measles,body_pain|cold_hands|dry_cough|eye_redness|fever|skin_rash|slow_heart_rate|watery_eyes
Migraine,blurred_vision|dizziness|fatigue|headache|nausea|weight_loss
Sinusitis,facial_pain|runny_nose|sinus_pressure|stuffy_nose
Heart Failure,bad_breath|chest_tightness|cold_hands|confusion|fatigue|rapid_breathing|shortness_of_breath|swelling_in_feet|swelling_in_legs
Peptic Ulcer,abdominal_pain|abdominal_tenderness|bloating|excessive_sleepiness|loss_of_appetite|nausea|stomach_pain|weight_loss
Heart Failure,cold_feet|fatigue|memory_problems|night_sweats|rapid_breathing|shortness_of_breath|slow_heart_rate|swelling_in_legs
Pneumonia,chest_tightness|chills|cough|excessive_sleepiness|fatigue|fever|itching|nausea|shortness_of_breath|wet_cough
Coronary Artery Disease,chest_pain|chest_tightness|ear_discharge|palpitations|shortness_of_breath|sweating
Food Poisoning,abdominal_pain|bloating|diarrhea|fever|headache|nausea|stomach_pain|vomiting|weakness
Hepatitis B,dark_urine|fatigue|loss_of_appetite|pale_stool|yellow_eyes|yellow_skin
Eczema,blisters|dry_skin|hives|irregular_heartbeat|itching|red_spots_on_skin|skin_peeling|skin_rash|slow_healing_wounds|yellow_eyes
Mumps,difficulty_swallowing|ear_pain|facial_pain|fever|headache|muscle_pain|swelling_in_face|testicular_pain
Hepatitis B,abdominal_pain|fatigue|itching|loss_of_appetite|pale_stool|stomach_pain|weakness|weight_gain|yellow_eyes|yellow_skin
COVID-19,anxiety|body_pain|dry_cough|fatigue|fever|headache|loss_of_taste|sore_throat
Influenza,body_pain|chills|cough|difficulty_breathing|fatigue|fever|headache|high_fever|runny_nose|sore_throat|sweating|weakness
Psoriasis,excessive_sleepiness|itching|shortness_of_breath|skin_peeling|skin_rash
Typhoid,abdominal_pain|body_pain|chest_pain|headache|high_fever|neck_pain|weakness
Conjunctivitis,blurred_vision|eye_pain|eye_redness|itching|watery_eyes
Sinusitis,bad_breath|facial_pain|runny_nose|sinus_pressure|stuffy_nose|swelling_in_legs
Coronary Artery Disease,chest_pain|chest_tightness|cold_hands|constipation|ear_pain|facial_pain|nausea|palpitations|shortness_of_breath
Otitis Media,ear_discharge|ear_pain|fever|headache|irritability
Asthma,chest_tightness|cough|fever|shortness_of_breath|slow_heart_rate|wheezing
Urinary Tract Infection (UTI),abdominal_pain|anxiety|back_pain|burning_urination|cloudy_urine|frequent_urination|loss_of_taste|pelvic_pain
Mumps,confusion|facial_pain|fever|headache|muscle_pain|swelling_in_face
Pneumonia,chest_pain|chills|cough|fever|rapid_breathing|shortness_of_breath|wet_cough
Tuberculosis,chest_pain|chest_tightness|cough|dry_skin|night_sweats|weight_loss|wet_cough
Chronic Kidney Disease,confusion|dry_cough|fatigue|frequent_urination|loss_of_appetite|muscle_cramps|swelling_in_feet|swelling_in_legs|tingling_sensation|white_patches_in_throat
Coronary Artery Disease,chest_pain|chest_tightness|chills|palpitations|shortness_of_breath|sweating
Tonsillitis,bad_breath|difficulty_swallowing|ear_pain|irritability|loss_of_taste|sore_throat|swollen_tonsils|wheezing|white_patches_in_throat
Coronary Artery Disease,blood_in_urine|chest_pain|chest_tightness|cold_intolerance|facial_pain|fatigue|headache|shortness_of_breath|sinus_pressure|sweating
Pneumonia,cough|fever|muscle_pain|rapid_breathing|shortness_of_breath|wet_cough
Heart Failure,fatigue|rapid_breathing|shortness_of_breath|stomach_pain|swelling_in_feet|swelling_in_legs
Tuberculosis,chest_pain|chills|cough|itching|night_sweats|weakness|weight_loss|wet_cough
Chronic Kidney Disease,blurred_speech|fatigue|frequent_urination|itching|muscle_cramps|nausea|swelling_in_feet|swelling_in_legs
Food Poisoning,abdominal_pain|chills|flank_pain|nausea|stomach_pain|vomiting
Arthritis,difficulty_breathing|fatigue|joint_pain|low_fever|muscle_pain|sweating|swelling_in_legs
Chickenpox,blisters|body_pain|fatigue|itching|skin_rash
Mumps,facial_pain|fever|headache|loss_of_appetite|muscle_pain|painful_urination_in_lower_abdomen|swelling_in_face|swollen_lymph_nodes
Hypothyroidism,chest_pain|cold_intolerance|fatigue|gum_bleeding|hair_loss|low_fever|post_nasal_drip|weight_gain
Diabetes,dry_skin|excessive_thirst|fatigue|frequent_infections|frequent_urination|red_spots_on_skin|tingling_sensation|weight_loss
Gastritis,abdominal_pain|bloating|flank_pain|irritability|nausea|stomach_pain
Eczema,blisters|dry_skin|fever|frequent_urination|itching|joint_pain|red_spots_on_skin|skin_rash|swelling_in_face
Malaria,chills|dark_urine|fatigue|frequent_infections|headache|high_fever|muscle_pain|nausea|palpitations|sweating
Bronchitis,anxiety|chest_tightness|cough|fatigue|headache|sore_throat|stuffy_nose|wet_cough|wheezing
Sinusitis,eye_pain|facial_pain|hoarseness|post_nasal_drip|runny_nose|sinus_pressure|stuffy_nose
Mumps,facial_pain|fever|low_blood_pressure|muscle_pain|swelling_in_face
Dengue,anxiety|body_pain|cough|dark_urine|eye_pain|headache|high_fever|joint_pain|nausea|skin_rash|vomiting|weakness
Chronic Kidney Disease,confusion|fatigue|frequent_urination|high_blood_pressure|muscle_cramps|swelling_in_feet|swelling_in_legs
Coronary Artery Disease,chest_pain|chest_tightness|fatigue|painful_urination_in_lower_abdomen|palpitations|shortness_of_breath|sweating
Chronic Kidney Disease,bad_breath|fatigue|frequent_urination|itching|loss_of_appetite|muscle_cramps|swelling_in_feet|swelling_in_legs
Tonsillitis,difficulty_swallowing|excessive_thirst|fever|heat_intolerance|night_sweats|sore_throat|swollen_lymph_nodes|swollen_tonsils|voice_loss|white_patches_in_throat
Gastritis,abdominal_pain|hives|loss_of_smell|low_fever|nausea|slow_heart_rate|stomach_pain|testicular_pain|vomiting
Laryngitis,difficulty_swallowing|hoarseness|sore_throat|voice_loss
Diabetes,burning_urination|excessive_hunger|excessive_thirst|fatigue|frequent_urination|skin_rash|slow_healing_wounds|swelling_in_feet
Psoriasis,fatigue|itching|joint_pain|red_spots_on_skin|skin_peeling|skin_rash
Migraine,blurred_vision|difficulty_sleeping|dizziness|excessive_thirst|fatigue|headache|nausea|rebound_pain
Chronic Kidney Disease,fast_heart_rate|fatigue|frequent_urination|headache|hearing_difficulty|high_blood_pressure|loss_of_taste|muscle_cramps|nausea|shortness_of_breath|swelling_in_feet|swelling_in_legs|weight_gain
Tonsillitis,bad_breath|difficulty_swallowing|slow_healing_wounds|sore_throat|swollen_lymph_nodes|swollen_tonsils|white_patches_in_throat
Pneumonia,chest_pain|chills|cough|fatigue|fever|headache|rapid_breathing|shortness_of_breath|wet_cough
Pneumonia,burning_urination|chills|cough|fatigue|fever|nausea|palpitations|rapid_breathing|shortness_of_breath|wet_cough
Tonsillitis,hives|sore_throat|swollen_lymph_nodes|swollen_tonsils
Coronary Artery Disease,chest_pain|chest_tightness|dizziness|ear_discharge|excessive_thirst|fatigue|hearing_difficulty|shortness_of_breath|skin_rash
Typhoid,abdominal_pain|constipation|diarrhea|fever|loss_of_appetite|weakness
Arthritis,fatigue|joint_pain|swelling_in_legs
Allergy,chest_tightness|hives|itching|runny_nose|skin_rash|sneezing|stuffy_nose|sweating
Otitis Media,ear_discharge|ear_pain|eye_pain|fever|irritability|swelling_in_face
Measles,body_pain|facial_pain|fever|high_fever|skin_rash|watery_eyes
Migraine,bloating|blurred_vision|difficulty_sleeping|headache|red_spots_on_skin|swelling_in_face|tingling_sensation|vomiting
Laryngitis,difficulty_swallowing|dry_cough|ear_pain|hoarseness|slow_healing_wounds|sore_throat|voice_loss
Migraine,blurred_vision|chest_tightness|difficulty_sleeping|dizziness|headache|nausea|palpitations
Hyperthyroidism,anxiety|confusion|difficulty_sleeping|excessive_hunger|fast_heart_rate|heat_intolerance|swelling_in_face|weight_loss
Hepatitis B,bloating|cold_feet|eye_pain|fatigue|loss_of_appetite|nausea|sweating|yellow_eyes|yellow_skin
Hypertension,chest_pain|dizziness|headache|high_blood_pressure
Appendicitis,abdominal_pain|abdominal_tenderness|bloating|cold_feet|joint_pain|low_fever|rebound_pain|testicular_pain|vomiting
Kidney Stones,abdominal_pain|anxiety|back_pain|blood_in_urine|fever|flank_pain|loss_of_appetite|nausea|painful_urination_in_lower_abdomen|vomiting
Tonsillitis,bad_breath|difficulty_swallowing|drooling|sore_throat|swollen_lymph_nodes|swollen_tonsils
Otitis Media,abdominal_pain|ear_discharge|ear_pain|headache|hearing_difficulty|low_fever
Eczema,dry_skin|irregular_heartbeat|itching|red_spots_on_skin|skin_peeling|skin_rash|swelling_in_face|yellow_skin
Hepatitis A,abdominal_pain|dark_urine|fatigue|low_fever|swollen_tonsils|yellow_eyes|yellow_skin
Tuberculosis,chest_pain|cough|low_fever|night_sweats|weight_loss|wet_cough
Gastroenteritis,abdominal_pain|blisters|diarrhea|fever|headache|nausea|skin_rash|vomiting|weakness
Hepatitis B,abdominal_tenderness|blurred_speech|dark_urine|fatigue|loss_of_appetite|loss_of_taste|low_fever|nausea|pale_stool|pelvic_pain|rebound_pain|swollen_lymph_nodes|wheezing|yellow_eyes|yellow_skin
Sinusitis,facial_pain|headache|post_nasal_drip|sinus_pressure|stuffy_nose
Sinusitis,facial_pain|headache|post_nasal_drip|runny_nose|sinus_pressure|stuffy_nose|vomiting
Urinary Tract Infection (UTI),blurred_speech|burning_urination|cloudy_urine|frequent_urination|low_fever|pelvic_pain
Laryngitis,cough|difficulty_swallowing|dry_cough|high_blood_pressure|hoarseness|voice_loss
Hyperthyroidism,fast_heart_rate|heat_intolerance|palpitations|tremors|vomiting|weight_loss
Urinary Tract Infection (UTI),burning_urination|excessive_thirst|frequent_urination|pelvic_pain|slow_heart_rate
Measles,eye_redness|fever|flank_pain|high_fever|skin_rash|watery_eyes|yellow_skin
Eczema,dry_skin|itching|low_fever|neck_pain|skin_rash
Coronary Artery Disease,chest_pain|chest_tightness|confusion|dizziness|fatigue|shortness_of_breath|sweating
Peptic Ulcer,abdominal_pain|abdominal_tenderness|bloating|cloudy_urine|frequent_infections|loss_of_appetite|stomach_pain|vomiting|weight_loss
Laryngitis,dry_cough|hoarseness|sore_throat|voice_loss
Conjunctivitis,confusion|ear_pain|eye_pain|eye_redness|hearing_difficulty|itching|swelling_in_face|watery_eyes
Urinary Tract Infection (UTI),abdominal_pain|burning_urination|cloudy_urine|frequent_urination|runny_nose
Typhoid,abdominal_pain|cloudy_urine|eye_redness|fatigue|fever|headache|high_fever|weakness
Sinusitis,bad_breath|cough|difficulty_swallowing|facial_pain|headache|runny_nose|sinus_pressure|stuffy_nose
Dengue,body_pain|gum_bleeding|headache|high_fever|joint_pain|nausea|pelvic_pain|vomiting|weakness
Tonsillitis,difficulty_swallowing|ear_pain|sore_throat|swollen_tonsils|white_patches_in_throat
Common Cold,cough|excessive_hunger|excessive_sleepiness|irregular_heartbeat|post_nasal_drip|runny_nose|sneezing|sore_throat|white_patches_in_throat|yellow_eyes
Otitis Media,ear_discharge|ear_pain|fever|hearing_difficulty|pale_stool
COVID-19,body_pain|dry_cough|fatigue|fever|headache|high_fever|muscle_cramps|sore_throat
Dengue,abdominal_tenderness|body_pain|drooling|gum_bleeding|headache|high_fever|joint_pain|muscle_cramps|nausea|red_spots_on_skin|skin_rash|vomiting|weakness
Dengue,body_pain|headache|high_fever|joint_pain|skin_rash|weakness
Hypothyroidism,cold_intolerance|dry_skin|excessive_sleepiness|fatigue|hair_loss|neck_pain|slow_heart_rate|swelling_in_feet|weight_gain
Anemia,cold_feet|dizziness|ear_discharge|fast_heart_rate|fatigue|heat_intolerance|red_spots_on_skin|sinus_pressure|sweating
Urinary Tract Infection (UTI),blood_in_urine|brittle_nails|burning_urination|cloudy_urine|frequent_urination|pelvic_pain|stuffy_nose|watery_eyes
Bronchitis,chest_tightness|cloudy_urine|cough|fatigue|headache|low_fever|sore_throat|stomach_pain|voice_loss|wet_cough|wheezing
Hepatitis B,abdominal_pain|chills|fatigue|loss_of_appetite|nausea|yellow_eyes
Laryngitis,difficulty_swallowing|dry_cough|hoarseness|painful_urination_in_lower_abdomen|sinus_pressure|sore_throat|swelling_in_face|voice_loss|yellow_skin
Kidney Stones,back_pain|chest_pain|flank_pain|swollen_tonsils
Tonsillitis,bad_breath|difficulty_swallowing|dry_skin|fever|sore_throat|swollen_lymph_nodes|swollen_tonsils|tingling_sensation
Gastritis,abdominal_pain|headache|irritability|nausea|stomach_pain|vomiting|weight_loss
Hypertension,blurred_vision|chest_pain|dizziness|fast_heart_rate|headache|high_blood_pressure|nausea|palpitations|yellow_eyes|yellow_skin
Hepatitis A,fatigue|joint_pain|loss_of_appetite|nausea|sore_throat|vomiting|yellow_eyes|yellow_skin
Hepatitis B,abdominal_pain|dark_urine|fatigue|loss_of_appetite|nausea|pale_stool|yellow_skin
Sinusitis,facial_pain|headache|painful_urination_in_lower_abdomen|runny_nose|sinus_pressure|yellow_eyes
Laryngitis,difficulty_swallowing|dry_cough|excessive_hunger|fast_heart_rate|hoarseness|sore_throat|voice_loss
Pneumonia,abdominal_tenderness|cough|fatigue|fever|frequent_urination|mouth_ulcers|rapid_breathing|shortness_of_breath|tingling_sensation|wet_cough|yellow_skin
Urinary Tract Infection (UTI),back_pain|blood_in_urine|burning_urination|cloudy_urine|frequent_urination|night_sweats|pelvic_pain
Chickenpox,blisters|fever|hearing_difficulty|itching|skin_rash
COVID-19,body_pain|diarrhea|dry_cough|fatigue|fever|pelvic_pain
Arthritis,drooling|joint_pain|muscle_pain|neck_stiffness|swelling_in_legs|weakness|wheezing
Tonsillitis,difficulty_swallowing|ear_pain|excessive_thirst|palpitations|sore_throat|swollen_lymph_nodes|swollen_tonsils|yellow_skin
Bronchitis,body_pain|chest_tightness|chills|cough|fatigue|headache|low_fever|sore_throat|stuffy_nose|wet_cough|wheezing
Heart Failure,fatigue|mouth_ulcers|shortness_of_breath|swelling_in_feet|swelling_in_legs
Allergy,chest_pain|hives|irregular_heartbeat|itching|joint_pain|runny_nose|skin_rash|sneezing|watery_eyes
Dengue,confusion|eye_pain|headache|high_fever|joint_pain|vomiting|weakness
Eczema,dry_skin|red_spots_on_skin|skin_rash
Food Poisoning,abdominal_pain|bloating|diarrhea|fever|muscle_cramps|nausea|stomach_pain|vomiting|weakness
Eczema,dry_skin|excessive_hunger|itching|low_fever|red_spots_on_skin|skin_peeling|skin_rash
Common Cold,back_pain|dry_cough|headache|low_fever|muscle_pain|runny_nose|sneezing|sore_throat|stuffy_nose|watery_eyes
Malaria,abdominal_pain|chills|high_blood_pressure|high_fever|muscle_pain|nausea|runny_nose|sweating
Gastritis,abdominal_pain|abdominal_tenderness|bloating|gum_bleeding|loss_of_appetite|nausea|stomach_pain|vomiting|weight_loss
Chronic Kidney Disease,fatigue|loss_of_appetite|swelling_in_feet|swelling_in_legs
Migraine,blurred_vision|eye_pain|facial_pain|fatigue|headache|irritability|nausea|vomiting
Urinary Tract Infection (UTI),burning_urination|frequent_urination|low_fever
Dengue,body_pain|gum_bleeding|headache|high_fever|irregular_heartbeat|joint_pain|nausea|red_spots_on_skin|weakness
Chickenpox,body_pain|confusion|difficulty_breathing|excessive_hunger|fatigue|headache|itching|loss_of_appetite|red_spots_on_skin|skin_rash
Heart Failure,fatigue|rapid_breathing|shortness_of_breath|swelling_in_legs|swollen_lymph_nodes
COVID-19,body_pain|diarrhea|dry_cough|fatigue|fever|headache|loss_of_smell|skin_rash|sore_throat|tingling_sensation
Sinusitis,blisters|cough|ear_pain|facial_pain|headache|runny_nose|sinus_pressure|stuffy_nose|swelling_in_feet|swollen_tonsils
Heart Failure,cold_hands|confusion|diarrhea|fatigue|irregular_heartbeat|palpitations|rapid_breathing|shortness_of_breath|swelling_in_feet|swelling_in_legs
Sinusitis,facial_pain|headache|low_blood_pressure|low_fever|rapid_breathing|runny_nose|sinus_pressure|stuffy_nose
COVID-19,body_pain|difficulty_sleeping|dry_cough|fatigue|fever|headache|loss_of_smell|tremors
Eczema,back_pain|cold_intolerance|dry_skin|fast_heart_rate|hoarseness|itching|red_spots_on_skin|skin_rash|swelling_in_face
Malaria,abdominal_pain|blurred_vision|chills|diarrhea|high_fever|muscle_pain|nausea|sweating|vomiting
Food Poisoning,abdominal_pain|chills|diarrhea|fever|nausea|rapid_breathing|stomach_pain|vomiting|weakness
Measles,cough|fever|high_fever|hoarseness|memory_problems|skin_rash|white_patches_in_throat
Bronchitis,chest_tightness|cough|excessive_sleepiness|fatigue|headache|low_fever|wet_cough|wheezing|yellow_eyes
Chronic Kidney Disease,abdominal_tenderness|brittle_nails|fatigue|high_blood_pressure|itching|loss_of_appetite|muscle_cramps|swelling_in_feet|swelling_in_legs
Asthma,anxiety|chest_tightness|cough|eye_redness|shortness_of_breath|wheezing
Pneumonia,blurred_speech|cough|fatigue|fever|gum_bleeding|nausea|night_sweats|rapid_breathing|shortness_of_breath|sweating|weight_loss|wet_cough
Gastroenteritis,abdominal_pain|diarrhea|fever|vomiting
Hypertension,blurred_vision|chest_pain|dizziness|fatigue|headache|high_blood_pressure|muscle_cramps|swollen_tonsils
Chickenpox,blisters|fatigue|itching|skin_rash
Psoriasis,dry_skin|itching|joint_pain|skin_peeling|skin_rash|swelling_in_face
Tuberculosis,cough|fatigue|night_sweats|palpitations|weight_loss|wet_cough
Anemia,cold_feet|dizziness|fatigue|rapid_breathing|weakness
Chronic Kidney Disease,fatigue|high_blood_pressure|loss_of_appetite|muscle_cramps|nausea|shortness_of_breath|swelling_in_feet|swelling_in_legs
Bronchitis,body_pain|chest_tightness|cough|wet_cough
Laryngitis,hoarseness|sore_throat|voice_loss
Coronary Artery Disease,chest_pain|chest_tightness|fatigue|nausea|neck_pain|shortness_of_breath
Hypothyroidism,cold_intolerance|excessive_sleepiness|fatigue|hair_loss|hoarseness|slow_heart_rate|weight_gain
Otitis Media,abdominal_pain|ear_discharge|ear_pain|pelvic_pain
Arthritis,joint_pain|low_fever|neck_stiffness|rebound_pain|swelling_in_legs
Migraine,blurred_vision|brittle_nails|cold_hands|difficulty_sleeping|dizziness|fatigue|headache|slow_healing_wounds|vomiting|wheezing
Gastroenteritis,diarrhea|eye_pain|fever|headache|high_fever|loss_of_smell|nausea|vomiting
Chickenpox,blisters|fatigue|itching|loss_of_appetite|skin_rash|sweating
Dengue,blurred_vision|body_pain|ear_pain|gum_bleeding|headache|high_fever|joint_pain|red_spots_on_skin|skin_rash|weakness
Hypertension,fatigue|headache|high_blood_pressure|slow_heart_rate|weakness|yellow_eyes
Food Poisoning,abdominal_pain|diarrhea|fever|headache|nausea|vomiting
Chronic Kidney Disease,blurred_vision|cold_feet|fatigue|high_blood_pressure|loss_of_appetite|muscle_cramps|nausea|skin_rash|swelling_in_feet|swelling_in_legs
Asthma,chest_tightness|cough|dry_cough|flank_pain|rapid_breathing|shortness_of_breath|wheezing
Malaria,chills|fatigue|headache|high_fever|pelvic_pain|sweating|vomiting
Dengue,body_pain|difficulty_swallowing|eye_pain|headache|high_fever|joint_pain|nausea|vomiting
Sinusitis,bad_breath|facial_pain|runny_nose|sinus_pressure|stuffy_nose|swollen_lymph_nodes
Otitis Media,back_pain|ear_discharge|ear_pain|excessive_hunger|excessive_sleepiness|fever
Asthma,anxiety|chest_tightness|difficulty_breathing|dry_cough|fatigue|high_blood_pressure|rapid_breathing|shortness_of_breath|wheezing
Hepatitis B,abdominal_pain|fatigue|itching|loss_of_appetite|low_fever|weakness|yellow_eyes|yellow_skin
Hypertension,dizziness|fatigue|headache|heat_intolerance|high_blood_pressure|slow_heart_rate
Hypothyroidism,back_pain|constipation|diarrhea|excessive_sleepiness|fatigue|hair_loss|slow_heart_rate|weight_gain
Hypothyroidism,cold_intolerance|dry_skin|fatigue|gum_bleeding|weight_gain
Tonsillitis,bad_breath|bloating|difficulty_swallowing|headache|sore_throat|swollen_tonsils|white_patches_in_throat
Conjunctivitis,blurred_vision|eye_pain|eye_redness|facial_pain|high_fever|itching|loss_of_appetite|low_fever|runny_nose|stomach_pain|swelling_in_face|watery_eyes|wheezing
Anemia,brittle_nails|cough|dizziness|fast_heart_rate|fatigue|hives|slow_heart_rate|weakness
Gastritis,abdominal_pain|bloating|gum_bleeding|loss_of_appetite|nausea|sinus_pressure|stomach_pain|weakness
Typhoid,abdominal_pain|body_pain|fever|headache|high_fever|palpitations|swelling_in_face|weakness
Asthma,chest_tightness|cough|difficulty_breathing|dry_cough|hearing_difficulty|shortness_of_breath|wheezing
Chickenpox,blisters|fatigue|hearing_difficulty|itching|skin_rash
Sinusitis,back_pain|cough|difficulty_breathing|facial_pain|headache|post_nasal_drip|sinus_pressure|stuffy_nose|swelling_in_feet
Hyperthyroidism,anxiety|fast_heart_rate|hair_loss|heat_intolerance|palpitations|rebound_pain|sweating|tremors|weight_loss
Hepatitis B,abdominal_pain|dark_urine|fatigue|joint_pain|loss_of_appetite|slow_heart_rate|yellow_eyes|yellow_skin
Psoriasis,fatigue|itching|skin_peeling
Hypothyroidism,cold_intolerance|dry_skin|fatigue|night_sweats|slow_heart_rate|weight_gain
Tuberculosis,blisters|blood_in_urine|cough|hearing_difficulty|loss_of_appetite|low_fever|night_sweats|post_nasal_drip|weight_loss|wet_cough
Peptic Ulcer,abdominal_pain|bloating|nausea|stomach_pain|weight_loss
Mumps,ear_pain|facial_pain|fever|headache|muscle_pain|neck_pain|palpitations|swelling_in_face
Dengue,abdominal_pain|body_pain|dark_urine|ear_pain|eye_pain|headache|high_fever|joint_pain|nausea|vomiting|weakness
Kidney Stones,back_pain|blood_in_urine|cloudy_urine|flank_pain|frequent_urination
Tonsillitis,bad_breath|blisters|difficulty_swallowing|dry_cough|fever|sore_throat|swollen_tonsils
Allergy,itching|runny_nose|sneezing|swelling_in_legs
Malaria,abdominal_pain|chills|fatigue|high_fever|sweating|vomiting
Food Poisoning,abdominal_pain|diarrhea|headache|loss_of_appetite|nausea|stomach_pain|swollen_lymph_nodes|vomiting
COVID-19,body_pain|dry_cough|eye_redness|fatigue|fever|high_fever|loss_of_smell|nausea|shortness_of_breath|sore_throat
Asthma,chest_tightness|cold_hands|difficulty_breathing|dry_cough|shortness_of_breath|wheezing
Appendicitis,abdominal_pain|loss_of_appetite|low_fever|nausea|rebound_pain|vomiting
Appendicitis,abdominal_pain|abdominal_tenderness|loss_of_appetite|low_fever|mouth_ulcers|nausea|rebound_pain|vomiting
Chickenpox,itching|skin_rash
Hepatitis A,dark_urine|fatigue|loss_of_appetite|low_fever|pale_stool|sinus_pressure|yellow_skin
Eczema,dizziness|dry_skin|itching|red_spots_on_skin|skin_rash
Appendicitis,abdominal_pain|abdominal_tenderness|back_pain|nausea|rebound_pain
Influenza,body_pain|chills|cough|difficulty_sleeping|fatigue|fever|headache|high_fever|muscle_pain|pale_stool|runny_nose|sore_throat|weakness
Hyperthyroidism,excessive_hunger|fast_heart_rate|heat_intolerance|palpitations|sweating|tremors|weight_loss
Migraine,blurred_vision|fatigue|gum_bleeding|headache|vomiting
Peptic Ulcer,abdominal_pain|bloating|loss_of_appetite|nausea|stomach_pain|weight_loss
Tuberculosis,chest_pain|cough|dry_skin|fatigue|loss_of_appetite|low_fever|muscle_cramps|night_sweats|weakness|weight_loss|wet_cough
Psoriasis,cloudy_urine|dry_skin|fatigue|frequent_infections|irritability|itching|skin_peeling|swollen_lymph_nodes
Dengue,body_pain|burning_urination|dark_urine|ear_discharge|headache|high_fever|hoarseness|joint_pain|nausea|pale_stool|skin_rash|vomiting
Hyperthyroidism,anxiety|blurred_vision|chest_pain|excessive_hunger|excessive_sleepiness|fast_heart_rate|flank_pain|hearing_difficulty|heat_intolerance|palpitations|tremors|weight_loss
Conjunctivitis,blurred_vision|confusion|eye_pain|eye_redness|low_fever|swelling_in_face|swollen_tonsils|watery_eyes
Peptic Ulcer,abdominal_pain|bloating|hearing_difficulty|stomach_pain|vomiting|weight_loss
Chickenpox,blisters|fatigue|hearing_difficulty|joint_pain|loss_of_appetite|skin_rash|sore_throat
Hepatitis B,chills|dark_urine|fatigue|loss_of_appetite|weakness|yellow_eyes|yellow_skin
Food Poisoning,abdominal_pain|blood_in_urine|blurred_vision|diarrhea|fever|hives|nausea|stomach_pain|vomiting|weakness
Heart Failure,constipation|difficulty_breathing|ear_discharge|muscle_cramps|rapid_breathing|shortness_of_breath|swelling_in_legs|swollen_tonsils
Gastritis,abdominal_pain|bloating|difficulty_sleeping|excessive_hunger|facial_pain|flank_pain|hair_loss|nausea|stomach_pain|vomiting
Hypertension,back_pain|chest_pain|fatigue|headache|high_blood_pressure|post_nasal_drip
Food Poisoning,abdominal_pain|bloating|chills|diarrhea|ear_pain|fever|nausea|stomach_pain|vomiting|weakness
Bronchitis,anxiety|chest_pain|chest_tightness|cough|pelvic_pain|shortness_of_breath|wet_cough|wheezing
Typhoid,abdominal_pain|bloating|blurred_speech|constipation|fever|high_fever|hives|loss_of_appetite|skin_rash|weakness|wet_cough
Influenza,body_pain|cough|fatigue|fever|high_fever|runny_nose|sore_throat|vomiting
Peptic Ulcer,abdominal_pain|bloating|brittle_nails|difficulty_swallowing|drooling|loss_of_appetite|nausea|stomach_pain|vomiting
Hyperthyroidism,difficulty_sleeping|ear_pain|fast_heart_rate|heat_intolerance|muscle_pain|palpitations|sweating|swelling_in_face|tremors|weight_loss
Heart Failure,cold_hands|fatigue|palpitations|rapid_breathing|runny_nose|shortness_of_breath|swelling_in_feet|swelling_in_legs
Laryngitis,dry_cough|hoarseness|sore_throat|voice_loss|wet_cough
Psoriasis,brittle_nails|cold_hands|dry_skin|fatigue|itching|joint_pain|loss_of_smell|low_fever|skin_rash|slow_healing_wounds
Hypothyroidism,cold_intolerance|constipation|dry_skin|excessive_sleepiness|fatigue|hair_loss|loss_of_smell|skin_rash|slow_heart_rate|weight_gain
Appendicitis,abdominal_pain|abdominal_tenderness|bloating|rebound_pain|vomiting
Diabetes,excessive_hunger|excessive_thirst|fatigue|frequent_urination|tingling_sensation|weight_loss
Asthma,chest_tightness|cough|difficulty_sleeping|dry_cough|shortness_of_breath|wheezing
Hyperthyroidism,difficulty_sleeping|fast_heart_rate|heat_intolerance|palpitations|stomach_pain|sweating|tremors|weight_loss
Hepatitis A,dark_urine|fatigue|low_fever|tingling_sensation|vomiting|yellow_eyes|yellow_skin
Appendicitis,abdominal_pain|abdominal_tenderness|bloating|loss_of_appetite|nausea|pelvic_pain|post_nasal_drip|rebound_pain|swollen_lymph_nodes|vomiting
Gastritis,abdominal_pain|memory_problems|nausea|shortness_of_breath|stomach_pain|vomiting
Measles,blurred_speech|cough|excessive_thirst|eye_redness|fever|high_fever|skin_rash|sore_throat|watery_eyes|white_patches_in_throat
Mumps,difficulty_swallowing|ear_pain|eye_pain|facial_pain|fatigue|fever|headache|hoarseness|loss_of_appetite|post_nasal_drip|swelling_in_face
Gastroenteritis,abdominal_pain|brittle_nails|diarrhea|frequent_urination|muscle_cramps|nausea|vomiting
Appendicitis,abdominal_pain|abdominal_tenderness|bloating|loss_of_appetite|nausea|painful_urination_in_lower_abdomen|rebound_pain|tremors|vomiting
Kidney Stones,back_pain|blood_in_urine|chills|fever|low_fever|vomiting
Dengue,body_pain|headache|high_fever|skin_rash|sweating|vomiting|weakness
Chickenpox,blisters|fever|itching|loss_of_appetite|skin_rash|tremors
Measles,cough|fever|high_fever|skin_rash
Otitis Media,ear_discharge|ear_pain|fever|irritability|low_blood_pressure
Heart Failure,fatigue|irregular_heartbeat|irritability|palpitations|rapid_breathing|shortness_of_breath|swelling_in_legs
Chronic Kidney Disease,blurred_speech|cold_feet|fatigue|frequent_urination|high_blood_pressure|loss_of_appetite|slow_heart_rate|swelling_in_feet|swelling_in_legs
Tuberculosis,body_pain|chest_pain|cough|dry_skin|neck_stiffness|night_sweats|weakness|weight_loss|wet_cough
Hypertension,chest_pain|dizziness|headache|hearing_difficulty|high_blood_pressure
Diabetes,bad_breath|blurred_vision|excessive_thirst|fatigue|frequent_infections|frequent_urination|numbness|tingling_sensation|weight_loss
Tuberculosis,chest_pain|cough|loss_of_appetite|low_fever|night_sweats|weight_loss|wet_cough
Laryngitis,difficulty_swallowing|dry_cough|fatigue|hearing_difficulty|hoarseness|low_fever|sore_throat|voice_loss
Migraine,blurred_vision|body_pain|chest_tightness|difficulty_sleeping|dizziness|flank_pain|headache|joint_pain|loss_of_taste
Gastroenteritis,abdominal_pain|blisters|constipation|diarrhea|fever|irritability|loss_of_appetite|nausea|vomiting
Psoriasis,brittle_nails|itching|joint_pain|skin_peeling|skin_rash
Chronic Kidney Disease,fatigue|frequent_urination|high_blood_pressure|loss_of_appetite|sinus_pressure|swelling_in_feet|swelling_in_legs
Typhoid,abdominal_pain|body_pain|fever|headache|high_fever|loss_of_appetite|weakness
Pneumonia,chest_pain|chills|cough|dark_urine|fever|memory_problems|rapid_breathing|shortness_of_breath|sinus_pressure|wet_cough
Common Cold,difficulty_sleeping|high_fever|low_fever|post_nasal_drip|runny_nose|slow_healing_wounds|sneezing|sore_throat|stuffy_nose|swelling_in_feet|watery_eyes
Hyperthyroidism,anxiety|fast_heart_rate|heat_intolerance|palpitations|slow_heart_rate|sweating|weight_loss
Asthma,anxiety|chest_tightness|chills|confusion|difficulty_breathing|neck_pain|shortness_of_breath|wheezing
Pneumonia,chest_pain|confusion|fatigue|fever|muscle_cramps|palpitations|shortness_of_breath|weakness|wet_cough
Chickenpox,blisters|body_pain|dark_urine|diarrhea|fever|itching|low_blood_pressure|skin_rash|swollen_tonsils
Peptic Ulcer,abdominal_pain|abdominal_tenderness|bloating|loss_of_appetite|nausea|painful_urination_in_lower_abdomen|stomach_pain
Chickenpox,blisters|fever|frequent_infections|irregular_heartbeat|itching|loss_of_appetite|skin_rash|swelling_in_feet|swollen_lymph_nodes
Asthma,chest_tightness|difficulty_breathing|difficulty_sleeping|shortness_of_breath|sweating|swelling_in_face|swelling_in_feet|wheezing
Heart Failure,cold_feet|cold_hands|fatigue|rapid_breathing|shortness_of_breath|stomach_pain|swelling_in_legs
Measles,cough|eye_pain|eye_redness|fever|high_fever|skin_rash|watery_eyes
Kidney Stones,back_pain|cloudy_urine|fever|flank_pain
Conjunctivitis,eye_pain|eye_redness|itching|low_fever|watery_eyes
Asthma,chest_tightness|cold_feet|cough|difficulty_breathing|fatigue|shortness_of_breath|slow_healing_wounds|wheezing
Hyperthyroidism,excessive_hunger|fast_heart_rate|heat_intolerance|rapid_breathing|weight_loss
Measles,cough|fever|high_fever|night_sweats|runny_nose|skin_rash|sore_throat|watery_eyes
Psoriasis,dry_skin|fatigue|itching|joint_pain|low_fever|skin_peeling|skin_rash
Pneumonia,bloating|cough|fatigue|fever|nausea|rapid_breathing|shortness_of_breath|wet_cough
Arthritis,joint_pain|muscle_pain|neck_stiffness|swelling_in_legs|weakness
Food Poisoning,abdominal_pain|chills|cloudy_urine|diarrhea|fever|high_fever|muscle_cramps|nausea|swelling_in_feet|vomiting|weakness
Hypothyroidism,cold_intolerance|dry_skin|ear_pain|fatigue|hair_loss|high_fever|memory_problems|weight_gain
Food Poisoning,abdominal_pain|bloating|blurred_vision|diarrhea|fast_heart_rate|fever|hoarseness|nausea|stomach_pain|vomiting|weakness
Typhoid,body_pain|fever|high_fever|painful_urination_in_lower_abdomen|weakness
Conjunctivitis,blurred_vision|eye_pain|eye_redness|itching|low_fever|swelling_in_face|watery_eyes|weight_gain
Laryngitis,difficulty_swallowing|dry_cough|hoarseness|numbness|sore_throat|voice_loss
Hypertension,body_pain|dizziness|fatigue|headache|high_blood_pressure|joint_pain
Anemia,brittle_nails|cold_feet|cold_hands|dizziness|fast_heart_rate|fatigue|hair_loss|headache|sore_throat|swollen_tonsils|weakness
COVID-19,body_pain|chills|confusion|dry_cough|fatigue|fever|headache|sore_throat
Influenza,body_pain|cough|fatigue|fever|high_fever|low_fever|runny_nose|sore_throat|sweating
Asthma,chest_tightness|cough|difficulty_breathing|facial_pain|shortness_of_breath|wheezing
Tuberculosis,chest_pain|cough|fatigue|low_fever|mouth_ulcers|night_sweats|weakness|weight_loss|wet_cough|wheezing
Heart Failure,confusion|fatigue|irregular_heartbeat|shortness_of_breath|swelling_in_feet|swelling_in_legs|vomiting
Influenza,body_pain|chills|cough|eye_pain|fatigue|fever|headache|high_fever|muscle_pain|runny_nose|vomiting
Arthritis,fatigue|joint_pain|low_fever|swelling_in_face|swelling_in_legs|weakness
Gastritis,abdominal_pain|blisters|bloating|dark_urine|excessive_hunger|hoarseness|muscle_pain|nausea|stomach_pain|vomiting|yellow_eyes
Hypertension,confusion|headache|high_blood_pressure|watery_eyes
Gastritis,abdominal_pain|abdominal_tenderness|difficulty_sleeping|loss_of_appetite|nausea|stomach_pain|watery_eyes
Influenza,body_pain|cough|difficulty_swallowing|fatigue|fever|headache|muscle_pain|runny_nose|vomiting
Bronchitis,chest_tightness|cough|fatigue|low_fever|wet_cough|wheezing
Tonsillitis,bad_breath|difficulty_swallowing|ear_pain|eye_pain|fever|sore_throat|swollen_tonsils|white_patches_in_throat
Coronary Artery Disease,chest_tightness|cold_hands|confusion|diarrhea|fatigue|nausea|palpitations|shortness_of_breath|sinus_pressure
Peptic Ulcer,abdominal_pain|bloating|excessive_hunger|frequent_infections|loss_of_appetite|nausea|stomach_pain|vomiting|weight_loss|yellow_eyes
Hepatitis A,dark_urine|dizziness|fatigue|hoarseness|loss_of_appetite|yellow_eyes|yellow_skin
Asthma,anxiety|chest_tightness|difficulty_breathing|difficulty_sleeping|dry_cough|shortness_of_breath|swollen_tonsils|wheezing
Urinary Tract Infection (UTI),blood_in_urine|burning_urination|cloudy_urine|frequent_urination|low_fever|pelvic_pain
Gastroenteritis,abdominal_pain|blisters|diarrhea|fever|muscle_cramps|nausea|vomiting
Hypothyroidism,brittle_nails|cold_intolerance|constipation|dry_skin|fatigue|slow_heart_rate|weight_gain
Chickenpox,blisters|body_pain|fatigue|irregular_heartbeat|irritability|itching|loss_of_appetite|skin_rash
Influenza,body_pain|cough|fatigue|fever|frequent_infections|headache|high_fever|muscle_pain|runny_nose|shortness_of_breath|sore_throat|sweating
Psoriasis,brittle_nails|difficulty_breathing|dry_skin|fatigue|itching|joint_pain|memory_problems|skin_peeling|skin_rash|sweating|swelling_in_legs
COVID-19,dry_cough|fatigue|fever|loss_of_smell|loss_of_taste|watery_eyes
Heart Failure,fatigue|swelling_in_feet|swelling_in_legs
Dengue,body_pain|dry_skin|headache|high_fever|joint_pain|skin_rash|vomiting|wet_cough
Gastroenteritis,abdominal_pain|diarrhea|nausea|testicular_pain|vomiting|weakness
Chickenpox,blisters|body_pain|excessive_hunger|fatigue|fever|frequent_urination|itching|loss_of_appetite|mouth_ulcers|skin_rash
Hepatitis B,abdominal_pain|dark_urine|fatigue|joint_pain|loss_of_appetite|nausea|pale_stool|skin_rash|weakness|yellow_eyes|yellow_skin
Mumps,difficulty_swallowing|facial_pain|fever|headache|heat_intolerance|muscle_pain|neck_pain|swelling_in_face
Gastritis,abdominal_pain|chest_tightness|cold_intolerance|fatigue|loss_of_appetite|nausea|stomach_pain|weight_loss
Gastroenteritis,abdominal_pain|bloating|diarrhea|excessive_hunger|flank_pain|night_sweats|vomiting
Malaria,chills|diarrhea|hair_loss|headache|nausea|sweating|vomiting|wheezing
Chickenpox,blisters|dry_skin|fatigue|fever|headache|itching|loss_of_appetite|skin_rash
Anemia,cold_feet|cold_hands|dizziness|fast_heart_rate|fatigue|swelling_in_feet|weakness
Conjunctivitis,anxiety|blurred_vision|cough|eye_pain|eye_redness|itching|stomach_pain|watery_eyes
Tonsillitis,bad_breath|difficulty_swallowing|frequent_urination|heat_intolerance|post_nasal_drip|sore_throat|white_patches_in_throat
Conjunctivitis,cold_intolerance|cough|eye_pain|eye_redness|itching|low_fever|swelling_in_face|watery_eyes
Allergy,hives|itching|pale_stool|runny_nose|sneezing|sore_throat
Food Poisoning,abdominal_pain|bloating|diarrhea|fever|nausea|skin_peeling|stomach_pain|vomiting|weakness
Allergy,anxiety|cough|ear_discharge|itching|runny_nose|skin_rash|sneezing|watery_eyes
Urinary Tract Infection (UTI),burning_urination|frequent_urination|hoarseness|low_fever|yellow_skin
Coronary Artery Disease,chest_pain|chest_tightness|nausea|numbness|palpitations|shortness_of_breath|sweating
Dengue,body_pain|chest_pain|difficulty_sleeping|headache|high_fever|joint_pain|nausea|red_spots_on_skin|skin_peeling|skin_rash|weakness
Urinary Tract Infection (UTI),abdominal_pain|burning_urination|cloudy_urine|excessive_hunger|frequent_urination|low_fever|pelvic_pain|swelling_in_feet|swollen_lymph_nodes
Diabetes,excessive_hunger|excessive_thirst|fatigue|frequent_infections|frequent_urination|slow_healing_wounds|tingling_sensation|white_patches_in_throat
Dengue,body_pain|eye_pain|headache|high_fever|joint_pain|red_spots_on_skin|skin_rash|weakness
Chickenpox,blisters|fever|itching|skin_rash
Tuberculosis,cough|diarrhea|fatigue|hives|low_fever|night_sweats|weakness|weight_loss|wet_cough
Eczema,burning_urination|dry_cough|dry_skin|frequent_infections|gum_bleeding|headache|itching|post_nasal_drip|red_spots_on_skin|sinus_pressure|skin_peeling|skin_rash
Anemia,brittle_nails|cold_feet|cold_hands|fast_heart_rate|fatigue|skin_peeling|weakness
Urinary Tract Infection (UTI),burning_urination|frequent_urination|hives|mouth_ulcers|swelling_in_face
Sinusitis,abdominal_pain|ear_pain|facial_pain|fever|low_fever|muscle_pain|post_nasal_drip|runny_nose|sinus_pressure|stuffy_nose
Conjunctivitis,blurred_vision|burning_urination|eye_pain|itching|shortness_of_breath|swelling_in_face|watery_eyes
Malaria,chills|eye_pain|eye_redness|headache|high_fever|muscle_pain|sweating
Chronic Kidney Disease,fatigue|frequent_urination|irritability|muscle_cramps|swelling_in_feet|swelling_in_legs
Hepatitis B,anxiety|dark_urine|fatigue|joint_pain|loss_of_appetite|low_fever|nausea|skin_rash|yellow_eyes|yellow_skin
Malaria,chills|ear_pain|fatigue|high_fever|muscle_pain|nausea|sweating|vomiting
Measles,cold_intolerance|cough|eye_redness|fever|high_fever|runny_nose|skin_rash|swollen_lymph_nodes
Hyperthyroidism,difficulty_sleeping|fast_heart_rate|heat_intolerance|itching|memory_problems|mouth_ulcers|muscle_pain|red_spots_on_skin|sweating|tremors|weight_loss
Asthma,chest_tightness|pelvic_pain|shortness_of_breath|wheezing
Heart Failure,cold_feet|cold_hands|fatigue|muscle_cramps|palpitations|rapid_breathing|shortness_of_breath|swelling_in_legs
Diabetes,excessive_hunger|excessive_thirst|fatigue|frequent_infections|frequent_urination|high_blood_pressure|weight_loss
Chickenpox,blisters|diarrhea|fever|headache|itching|loss_of_appetite|skin_rash
Asthma,chest_tightness|difficulty_breathing|rapid_breathing|shortness_of_breath|wet_cough|wheezing
Chronic Kidney Disease,ear_discharge|fatigue|frequent_urination|swelling_in_feet
Eczema,dizziness|dry_skin|fast_heart_rate|red_spots_on_skin|skin_peeling|skin_rash|swelling_in_face
Hepatitis B,body_pain|fatigue|heat_intolerance|irritability|joint_pain|loss_of_appetite|weakness|yellow_eyes|yellow_skin
Laryngitis,difficulty_swallowing|dry_cough|hoarseness|pelvic_pain|sore_throat|voice_loss|weight_gain
Asthma,chest_tightness|cough|dry_cough|shortness_of_breath|wheezing
Hepatitis A,abdominal_pain|dark_urine|fatigue|loss_of_appetite|nausea|pale_stool|vomiting|yellow_eyes|yellow_skin
Food Poisoning,abdominal_pain|diarrhea|dry_skin|fever|nausea|stomach_pain|vomiting
Coronary Artery Disease,chest_pain|chest_tightness|confusion|eye_pain|shortness_of_breath|sweating
Arthritis,joint_pain|neck_stiffness|pale_stool|swelling_in_legs
Tuberculosis,chest_pain|chills|cough|dark_urine|fatigue|loss_of_appetite|night_sweats|weight_loss|wet_cough|wheezing
Gastritis,abdominal_pain|abdominal_tenderness|blisters|excessive_thirst|loss_of_appetite|loss_of_smell|nausea|runny_nose|stomach_pain|vomiting
Psoriasis,anxiety|blisters|dry_skin|itching|red_spots_on_skin|skin_peeling
Tonsillitis,bad_breath|cold_hands|difficulty_swallowing|sore_throat|swollen_tonsils
Peptic Ulcer,abdominal_pain|bloating|chest_pain|loss_of_appetite|nausea|stomach_pain|swelling_in_face|tremors
Tonsillitis,back_pain|bad_breath|burning_urination|difficulty_swallowing|fever|sore_throat|swollen_tonsils|testicular_pain|white_patches_in_throat
Gastroenteritis,abdominal_pain|bloating|diarrhea|fever|headache|nausea|vomiting
Migraine,blurred_vision|brittle_nails|dizziness|fatigue|headache|nausea
Migraine,bad_breath|blood_in_urine|blurred_vision|dizziness|fatigue|headache|vomiting
Coronary Artery Disease,chest_pain|chest_tightness|nausea|shortness_of_breath|sweating|testicular_pain
Appendicitis,abdominal_pain|abdominal_tenderness|loss_of_appetite|low_fever|nausea|rebound_pain
Migraine,blurred_vision|cold_intolerance|difficulty_sleeping|excessive_sleepiness|eye_pain|headache|nausea|swelling_in_feet
Peptic Ulcer,abdominal_pain|abdominal_tenderness|bloating|fatigue|loss_of_appetite|nausea|palpitations|stomach_pain|weight_loss
Laryngitis,hoarseness|sinus_pressure|sore_throat|voice_loss
Anemia,cold_feet|cold_hands|diarrhea|dizziness|ear_pain|fast_heart_rate|fatigue|hair_loss|weakness
Bronchitis,bad_breath|body_pain|chest_tightness|chills|cough|difficulty_sleeping|headache|muscle_cramps|wet_cough|wheezing
Migraine,blisters|blurred_vision|difficulty_sleeping|dizziness|eye_pain|fatigue|headache|irritability|nausea|vomiting
Anemia,brittle_nails|cold_feet|dizziness|fast_heart_rate|fatigue|hair_loss|headache|rebound_pain|weakness
Chronic Kidney Disease,cold_feet|fatigue|high_blood_pressure|muscle_cramps|swelling_in_feet|swelling_in_legs
Common Cold,body_pain|cough|heat_intolerance|post_nasal_drip|runny_nose|sneezing|sore_throat|stuffy_nose|watery_eyes
Allergy,hives|itching|runny_nose|sneezing
Otitis Media,ear_discharge|ear_pain|fever|hearing_difficulty|irritability|painful_urination_in_lower_abdomen
Gastroenteritis,abdominal_pain|bloating|diarrhea|fatigue|hives|vomiting
Asthma,chest_pain|chest_tightness|loss_of_taste|rapid_breathing|shortness_of_breath|testicular_pain|wheezing
Typhoid,abdominal_pain|body_pain|fever|headache|high_fever|loss_of_appetite|skin_rash|weakness
Hepatitis A,fatigue|pale_stool|vomiting|yellow_eyes|yellow_skin
Food Poisoning,abdominal_pain|body_pain|diarrhea|fever|nausea|stomach_pain|vomiting
Hepatitis A,abdominal_pain|dark_urine|fatigue|gum_bleeding|loss_of_appetite|low_fever|memory_problems|swollen_tonsils|yellow_eyes|yellow_skin
Eczema,blisters|dry_skin|high_fever|itching|red_spots_on_skin|skin_peeling|skin_rash|swelling_in_face
Pneumonia,confusion|cough|fatigue|fever|rapid_breathing|shortness_of_breath|sweating|wet_cough
Food Poisoning,abdominal_pain|diarrhea|fever|headache|nausea|sore_throat|vomiting
Malaria,chills|high_fever|muscle_pain|nausea|sweating|vomiting
Malaria,chills|fatigue|headache|high_fever|muscle_pain|nausea|sweating|yellow_skin
Tonsillitis,bad_breath|difficulty_swallowing|fever|heat_intolerance|sinus_pressure|sore_throat|swollen_tonsils
Otitis Media,ear_discharge|ear_pain|headache|hearing_difficulty
Migraine,blurred_vision|cough|dizziness|eye_pain|fatigue|headache|numbness|vomiting
Tonsillitis,bad_breath|dark_urine|difficulty_swallowing|sore_throat|swollen_lymph_nodes|swollen_tonsils|white_patches_in_throat
Dengue,body_pain|confusion|headache|high_fever|joint_pain|nausea|red_spots_on_skin|skin_rash|weakness
Chickenpox,blisters|excessive_sleepiness|fatigue|fever|itching|skin_rash|vomiting
Tonsillitis,bad_breath|difficulty_swallowing|fever|sore_throat|swollen_tonsils
Malaria,blurred_vision|chills|cough|hearing_difficulty|high_fever|muscle_pain|nausea|sweating
Hepatitis B,abdominal_pain|dark_urine|loss_of_appetite|nausea|pale_stool|weakness|yellow_eyes|yellow_skin
Hypothyroidism,cold_intolerance|confusion|constipation|fatigue|memory_problems|slow_healing_wounds|slow_heart_rate|swelling_in_face|weight_gain
Conjunctivitis,excessive_thirst|eye_pain|eye_redness|itching|loss_of_smell|swelling_in_face|watery_eyes
Asthma,chest_tightness|difficulty_sleeping|dry_cough|fatigue|high_blood_pressure|shortness_of_breath|wheezing
Conjunctivitis,eye_pain|eye_redness|itching|swelling_in_face|watery_eyes
COVID-19,body_pain|dry_cough|ear_discharge|excessive_thirst|fatigue|fever|loss_of_taste|sore_throat
Mumps,blurred_vision|facial_pain|fatigue|fever|hair_loss|headache|loss_of_appetite|muscle_pain|swelling_in_face
Hepatitis A,blood_in_urine|dark_urine|fatigue|joint_pain|loss_of_appetite|nausea|vomiting|watery_eyes|yellow_eyes|yellow_skin
Chickenpox,blisters|body_pain|excessive_sleepiness|facial_pain|fatigue|headache|irritability|itching|loss_of_appetite|skin_rash|tremors
Typhoid,abdominal_pain|body_pain|diarrhea|drooling|fever|headache|high_blood_pressure|high_fever|loss_of_appetite|weakness
Anemia,cold_feet|dizziness|fatigue|headache|sinus_pressure|weakness
Hypothyroidism,cold_intolerance|constipation|dry_skin|excessive_sleepiness|fatigue|low_fever|rebound_pain|slow_heart_rate|swelling_in_legs|weight_gain|yellow_eyes
Common Cold,cough|fatigue|headache|low_fever|runny_nose|sneezing|sore_throat|stuffy_nose
Diabetes,blurred_vision|dry_cough|excessive_hunger|excessive_thirst|fatigue|frequent_infections|frequent_urination|irritability|neck_stiffness|numbness|weight_loss
Diabetes,blurred_vision|excessive_hunger|excessive_thirst|fatigue|frequent_infections|frequent_urination|weight_loss|yellow_eyes
Hypertension,blurred_vision|excessive_thirst|eye_redness|fatigue|headache|high_blood_pressure
Urinary Tract Infection (UTI),abdominal_pain|burning_urination|frequent_urination|loss_of_appetite
Tonsillitis,difficulty_swallowing|fever|joint_pain|swollen_tonsils|white_patches_in_throat
Laryngitis,difficulty_swallowing|hoarseness|loss_of_appetite|sore_throat|voice_loss|yellow_skin
Kidney Stones,abdominal_tenderness|back_pain|bad_breath|blood_in_urine|flank_pain|frequent_urination|irregular_heartbeat|nausea|painful_urination_in_lower_abdomen|tremors|vomiting
Dengue,body_pain|headache|high_fever|joint_pain|nausea|vomiting
Allergy,dry_skin|hives|itching|runny_nose|sneezing|swelling_in_face|watery_eyes
Measles,eye_redness|fever|high_fever|muscle_cramps|runny_nose|skin_rash|watery_eyes|weight_loss
Asthma,chest_tightness|cough|difficulty_breathing|dry_cough|rebound_pain|shortness_of_breath|wheezing
Appendicitis,abdominal_pain|abdominal_tenderness|bloating|cloudy_urine|low_fever|nausea|rebound_pain|stomach_pain
Diabetes,excessive_hunger|excessive_thirst|fatigue|frequent_urination|numbness
Coronary Artery Disease,blurred_vision|chest_pain|chest_tightness|fatigue|shortness_of_breath|skin_rash|sweating
Tonsillitis,bad_breath|chills|constipation|difficulty_swallowing|drooling|fever|headache|sore_throat|swollen_tonsils
Appendicitis,abdominal_pain|abdominal_tenderness|bloating|cold_feet|facial_pain|loss_of_appetite|low_fever|nausea|rebound_pain|vomiting
Laryngitis,difficulty_swallowing|dry_cough|hoarseness|low_blood_pressure|low_fever|rapid_breathing|slow_healing_wounds|sore_throat|voice_loss
Migraine,blurred_vision|fatigue|headache|irritability
Laryngitis,blurred_vision|dry_cough|hoarseness|low_fever|sinus_pressure|sore_throat|stomach_pain|voice_loss|yellow_eyes
Gastritis,abdominal_pain|bloating|fatigue|nausea|stomach_pain|vomiting|weight_loss
Conjunctivitis,burning_urination|diarrhea|eye_redness|itching|pelvic_pain|swelling_in_face|watery_eyes
Influenza,body_pain|chills|confusion|cough|diarrhea|dry_cough|fatigue|fever|headache|high_fever|muscle_pain|runny_nose|sore_throat|sweating|vomiting
Sinusitis,facial_pain|post_nasal_drip|runny_nose|sinus_pressure|stuffy_nose
Hepatitis B,abdominal_pain|dark_urine|diarrhea|fatigue|joint_pain|loss_of_appetite|weakness|yellow_eyes|yellow_skin
Hypothyroidism,brittle_nails|cold_intolerance|eye_redness|fatigue|hair_loss|memory_problems|weight_gain|yellow_skin
Arthritis,fatigue|joint_pain|low_fever|muscle_pain|swelling_in_legs|wheezing
Conjunctivitis,eye_redness|itching|swelling_in_face
Chickenpox,blisters|fatigue|itching|loss_of_appetite|skin_rash|weight_gain
Peptic Ulcer,abdominal_pain|bloating|blurred_speech|irregular_heartbeat|stomach_pain|weight_loss|yellow_eyes
Otitis Media,ear_discharge|ear_pain|fever|headache|hearing_difficulty|muscle_cramps
Kidney Stones,back_pain|blood_in_urine|flank_pain|nausea|painful_urination_in_lower_abdomen|slow_healing_wounds|vomiting
Appendicitis,abdominal_tenderness|bloating|low_fever|nausea|rebound_pain|vomiting
Malaria,abdominal_pain|chills|fatigue|high_fever|itching|muscle_pain|nausea|sweating
Otitis Media,ear_discharge|ear_pain|hearing_difficulty|irritability|neck_pain|neck_stiffness
Appendicitis,abdominal_pain|abdominal_tenderness|constipation|low_fever|nausea|vomiting
Measles,body_pain|fever|high_fever|joint_pain|runny_nose|skin_rash|sore_throat|testicular_pain|watery_eyes
Malaria,chills|diarrhea|fatigue|headache|high_fever|nausea|sweating
Gastritis,abdominal_pain|bloating|heat_intolerance|loss_of_appetite|nausea|tingling_sensation
Hepatitis B,abdominal_pain|chest_pain|dark_urine|fatigue|joint_pain|loss_of_appetite|nausea|pale_stool|weakness|yellow_eyes
Conjunctivitis,dry_skin|eye_pain|eye_redness|itching|low_fever|swelling_in_face|watery_eyes
Conjunctivitis,eye_pain|eye_redness|itching|sweating|watery_eyes
Coronary Artery Disease,chest_pain|chest_tightness|cloudy_urine|cold_hands|irregular_heartbeat|palpitations|shortness_of_breath|sweating
Eczema,dry_skin|eye_redness|fever|itching|loss_of_appetite|post_nasal_drip|skin_peeling|skin_rash
Mumps,back_pain|facial_pain|fever|hives|loss_of_appetite|loss_of_smell|swelling_in_face
Common Cold,fatigue|headache|hearing_difficulty|low_fever|post_nasal_drip|runny_nose|sneezing|sore_throat
Appendicitis,abdominal_pain|abdominal_tenderness|anxiety|loss_of_appetite|low_fever|nausea|rebound_pain
Asthma,chest_tightness|cough|difficulty_breathing|difficulty_swallowing|dry_cough|fatigue|muscle_cramps|rapid_breathing|shortness_of_breath|sore_throat|wheezing
Gastritis,abdominal_pain|abdominal_tenderness|bloating|chills|difficulty_breathing|loss_of_smell|nausea|stomach_pain|vomiting|weight_loss|white_patches_in_throat
Common Cold,cough|fatigue|flank_pain|headache|post_nasal_drip|runny_nose|sneezing|sore_throat|stuffy_nose|watery_eyes
Allergy,cough|difficulty_swallowing|hives|itching|runny_nose|sinus_pressure|skin_rash|sneezing|stuffy_nose|watery_eyes
Hepatitis A,fatigue|loss_of_appetite|nausea|vomiting|yellow_eyes|yellow_skin
Hypertension,blurred_vision|dizziness|fatigue|headache|high_blood_pressure|irregular_heartbeat|joint_pain|shortness_of_breath|stuffy_nose
Laryngitis,dry_cough|hoarseness|sore_throat|voice_loss|vomiting
Malaria,abdominal_pain|chills|diarrhea|fatigue|headache|high_fever|low_blood_pressure|sweating|vomiting|yellow_skin
Typhoid,abdominal_pain|constipation|fever|headache|high_fever|loss_of_appetite|weakness
Allergy,hives|itching|runny_nose|skin_rash|sneezing|wheezing
Hepatitis A,anxiety|dark_urine|difficulty_swallowing|fatigue|itching|loss_of_appetite|muscle_pain|nausea|vomiting|yellow_eyes|yellow_skin
Typhoid,abdominal_pain|body_pain|constipation|diarrhea|fever|headache|high_fever|loss_of_appetite|skin_rash|weakness
Pneumonia,chest_pain|confusion|cough|fast_heart_rate|fatigue|fever|muscle_cramps|nausea|pale_stool|shortness_of_breath|wet_cough
Measles,cough|fever|runny_nose|skin_rash
Heart Failure,cold_hands|fatigue|rapid_breathing|shortness_of_breath|slow_healing_wounds|swelling_in_feet|swelling_in_legs|weight_gain
Hypothyroidism,cold_intolerance|excessive_sleepiness|facial_pain|fatigue|flank_pain|skin_rash|slow_heart_rate|weight_gain
Hepatitis B,abdominal_pain|fatigue|joint_pain|loss_of_appetite|nausea|yellow_eyes|yellow_skin
Urinary Tract Infection (UTI),abdominal_pain|bad_breath|burning_urination|cloudy_urine|frequent_urination|high_blood_pressure|low_fever|painful_urination_in_lower_abdomen
Dengue,bloating|body_pain|fast_heart_rate|headache|high_fever|joint_pain|nausea|rebound_pain|red_spots_on_skin|skin_rash|vomiting
Pneumonia,chest_pain|chills|confusion|cough|fever|gum_bleeding|night_sweats|shortness_of_breath|sweating|wet_cough
Anemia,cold_feet|cold_hands|dizziness|ear_discharge|headache|weakness
Bronchitis,chest_tightness|cough|excessive_hunger|headache|neck_stiffness|sore_throat|wet_cough
Appendicitis,abdominal_pain|abdominal_tenderness|low_fever|nausea|numbness|rapid_breathing|rebound_pain|vomiting
Peptic Ulcer,abdominal_pain|bloating|burning_urination|memory_problems|nausea|stomach_pain|swelling_in_legs
Hepatitis B,abdominal_pain|fatigue|loss_of_appetite|low_fever|nausea|post_nasal_drip|swelling_in_legs|weakness|yellow_eyes|yellow_skin
Coronary Artery Disease,chest_tightness|cold_hands|dizziness|fatigue|irregular_heartbeat|palpitations|shortness_of_breath
Appendicitis,abdominal_pain|abdominal_tenderness|bloating|constipation|loss_of_taste|rebound_pain|weight_gain
Food Poisoning,abdominal_pain|bloating|blurred_vision|cold_intolerance|diarrhea|headache|stomach_pain|vomiting|watery_eyes|weakness
Common Cold,headache|low_fever|nausea|neck_stiffness|post_nasal_drip|runny_nose|sneezing|sore_throat|stuffy_nose
Anemia,blurred_vision|dizziness|fast_heart_rate|fatigue|hair_loss|weakness
Otitis Media,cloudy_urine|ear_discharge|ear_pain|hearing_difficulty|irritability|low_fever
Dengue,body_pain|fatigue|headache|high_fever|joint_pain|nausea|skin_rash|vomiting
Heart Failure,cold_feet|fatigue|fever|irregular_heartbeat|low_blood_pressure|palpitations|rapid_breathing|shortness_of_breath|swelling_in_legs|swollen_lymph_nodes
Tonsillitis,bad_breath|difficulty_swallowing|ear_pain|fever|sore_throat|swollen_tonsils|white_patches_in_throat
Chronic Kidney Disease,body_pain|fatigue|frequent_urination|high_blood_pressure|itching|loss_of_appetite|memory_problems|muscle_cramps|swelling_in_feet|swelling_in_legs
Psoriasis,chills|itching|red_spots_on_skin|skin_peeling|skin_rash|sweating|swelling_in_legs
Hepatitis A,abdominal_pain|fatigue|loss_of_appetite|low_fever|nausea|yellow_eyes|yellow_skin
Mumps,abdominal_tenderness|facial_pain|fever|irritability|loss_of_appetite|muscle_pain|neck_pain|swelling_in_face
Gastroenteritis,abdominal_pain|bloating|diarrhea|ear_pain|headache|vomiting|weakness
Malaria,chills|headache|high_fever|nausea|vomiting|yellow_skin
Allergy,abdominal_tenderness|hives|itching|runny_nose|skin_rash|sneezing|sore_throat|stuffy_nose|watery_eyes|weight_loss|wheezing
Kidney Stones,back_pain|blood_in_urine|chills|flank_pain|nausea|vomiting
Laryngitis,dry_cough|hoarseness|post_nasal_drip|sore_throat|swelling_in_legs|voice_loss
Tuberculosis,chest_pain|chills|cough|low_fever|night_sweats|weight_loss|wet_cough
Allergy,blurred_speech|itching|runny_nose|shortness_of_breath|sneezing|watery_eyes
Heart Failure,fatigue|palpitations|rebound_pain|shortness_of_breath
Hypothyroidism,cold_intolerance|dry_skin|fatigue|hair_loss|memory_problems|slow_heart_rate|weight_gain
Kidney Stones,blood_in_urine|flank_pain|painful_urination_in_lower_abdomen|palpitations|vomiting
Sinusitis,bad_breath|excessive_sleepiness|facial_pain|nausea|numbness|post_nasal_drip|runny_nose|sinus_pressure|stuffy_nose
Hypertension,blurred_vision|chest_pain|dizziness|fatigue|headache|high_blood_pressure|palpitations|vomiting
Heart Failure,chills|dry_cough|fatigue|palpitations|shortness_of_breath|swelling_in_feet|swelling_in_legs|swollen_tonsils
Dengue,body_pain|eye_pain|gum_bleeding|headache|high_fever|joint_pain|nausea|skin_rash
Asthma,chest_tightness|cough|dark_urine|difficulty_breathing|dry_cough|eye_pain|rapid_breathing|shortness_of_breath|wheezing
Gastritis,abdominal_pain|abdominal_tenderness|loss_of_appetite|nausea|neck_pain|stomach_pain|vomiting
Dengue,body_pain|headache|high_fever|joint_pain|skin_rash|vomiting|weakness
Peptic Ulcer,abdominal_pain|bloating|body_pain|muscle_cramps|nausea|shortness_of_breath|stomach_pain|weight_loss
Malaria,chills|cold_hands|headache|high_fever|nausea|sweating|vomiting
Measles,cough|dizziness|fever|high_fever|runny_nose|skin_rash|watery_eyes
Allergy,hives|itching|runny_nose|skin_rash|sneezing|swelling_in_face|swollen_lymph_nodes|watery_eyes
Influenza,body_pain|chills|cough|fatigue|fever|flank_pain|high_fever|nausea|runny_nose|testicular_pain|vomiting|weakness|white_patches_in_throat
Tonsillitis,bad_breath|difficulty_swallowing|fever|headache|low_blood_pressure|sore_throat|swollen_tonsils
Hypertension,chest_pain|fatigue|headache|high_blood_pressure|palpitations|weight_loss
Sinusitis,bloating|blood_in_urine|cough|facial_pain|sinus_pressure|stuffy_nose
Sinusitis,facial_pain|headache|low_fever|sinus_pressure|stuffy_nose
Kidney Stones,back_pain|blood_in_urine|chest_pain|cloudy_urine|flank_pain|itching|painful_urination_in_lower_abdomen|vomiting
Dengue,abdominal_tenderness|body_pain|eye_redness|gum_bleeding|headache|high_fever|joint_pain|neck_stiffness|vomiting|weakness
Pneumonia,chest_pain|chills|cough|fatigue|fever|rapid_breathing|shortness_of_breath|sweating|wet_cough
Laryngitis,bloating|hoarseness|sinus_pressure|sore_throat|voice_loss
Kidney Stones,back_pain|blood_in_urine|chest_pain|flank_pain|nausea
Chickenpox,blisters|body_pain|dry_skin|fatigue|headache|itching|skin_rash
Hypothyroidism,cold_intolerance|dry_skin|excessive_sleepiness|fatigue|hair_loss|swelling_in_feet|weight_gain|wet_cough
Gastritis,abdominal_pain|back_pain|bloating|blurred_vision|excessive_thirst|fever|loss_of_appetite|muscle_pain|nausea|rapid_breathing|stomach_pain|vomiting|weight_loss
Hypertension,chest_pain|cloudy_urine|drooling|fatigue|headache|high_blood_pressure
Mumps,difficulty_swallowing|ear_discharge|facial_pain|itching|loss_of_appetite|swelling_in_face
Malaria,chills|high_fever|memory_problems|muscle_pain|skin_peeling|sweating|weight_loss|yellow_skin
Kidney Stones,back_pain|blood_in_urine|cloudy_urine|fever|flank_pain|nausea|rapid_breathing|vomiting
Gastroenteritis,abdominal_pain|headache|hearing_difficulty|vomiting|weakness
Sinusitis,bad_breath|bloating|facial_pain|sinus_pressure|stuffy_nose
Allergy,hives|itching|loss_of_smell|mouth_ulcers|runny_nose|skin_rash|sneezing|stuffy_nose|watery_eyes
Appendicitis,abdominal_pain|abdominal_tenderness|back_pain|muscle_pain|rebound_pain
Migraine,blurred_vision|brittle_nails|fatigue|fever|headache|irritability|nausea|vomiting
Common Cold,low_fever|runny_nose|sneezing|sore_throat|stuffy_nose|watery_eyes
Conjunctivitis,brittle_nails|cold_hands|confusion|eye_pain|eye_redness|facial_pain|fast_heart_rate|itching|watery_eyes
Hypertension,blurred_vision|headache|high_blood_pressure
Diabetes,dizziness|excessive_thirst|fatigue|frequent_urination|skin_rash|slow_healing_wounds|weight_loss
Anemia,brittle_nails|cold_feet|cold_hands|constipation|dizziness|fatigue|hair_loss|weakness
Tuberculosis,chest_pain|cough|fatigue|irritability|loss_of_appetite|night_sweats|weight_loss|wet_cough
Asthma,chest_tightness|dry_cough|rapid_breathing|shortness_of_breath|wheezing
COVID-19,body_pain|chills|confusion|dizziness|dry_cough|fatigue|fever|headache|loss_of_smell|nausea|shortness_of_breath|sore_throat
Hepatitis A,dark_urine|fatigue|loss_of_appetite|loss_of_taste|muscle_cramps|nausea|pale_stool|yellow_eyes|yellow_skin
Anemia,cold_feet|cold_hands|dizziness|fast_heart_rate|fatigue|hair_loss|headache|weakness
Diabetes,excessive_hunger|excessive_thirst|fatigue|frequent_urination|hives|loss_of_taste|weight_loss
Kidney Stones,back_pain|blood_in_urine|cold_feet|flank_pain|frequent_urination|nausea|numbness|vomiting
Otitis Media,ear_discharge|ear_pain|hearing_difficulty|watery_eyes
Tonsillitis,bad_breath|difficulty_swallowing|sore_throat|swollen_tonsils|tremors|white_patches_in_throat
Laryngitis,dry_cough|hoarseness|irregular_heartbeat|low_fever|rebound_pain|sinus_pressure|slow_heart_rate|sore_throat|voice_loss
Anemia,brittle_nails|cold_feet|cold_hands|dizziness|fast_heart_rate|fatigue|swelling_in_face|weakness
Asthma,chest_tightness|constipation|cough|difficulty_breathing|difficulty_sleeping|eye_redness|fatigue|irregular_heartbeat|shortness_of_breath|wheezing
Eczema,cough|dry_skin|itching|post_nasal_drip|red_spots_on_skin|skin_peeling|skin_rash
COVID-19,body_pain|dry_cough|fatigue|fever|headache|irritability|loss_of_taste|nausea|swelling_in_legs|weakness
Urinary Tract Infection (UTI),burning_urination|cloudy_urine|frequent_urination|nausea|tremors
Otitis Media,cold_feet|ear_discharge|ear_pain|fever|slow_heart_rate
Bronchitis,chest_tightness|cough|fatigue|headache|high_blood_pressure|shortness_of_breath|sore_throat|wet_cough|wheezing
Urinary Tract Infection (UTI),back_pain|burning_urination|cloudy_urine|ear_pain|flank_pain|frequent_urination|low_fever|pelvic_pain|weakness
Mumps,dark_urine|facial_pain|fatigue|fever|headache|loss_of_appetite|swelling_in_face
Heart Failure,cold_feet|cough|fatigue|palpitations|rapid_breathing|shortness_of_breath|swelling_in_legs
Influenza,body_pain|cough|fatigue|headache|high_fever|muscle_pain|sore_throat|vomiting
Eczema,cloudy_urine|dry_skin|excessive_sleepiness|itching|red_spots_on_skin|skin_rash|swelling_in_face
COVID-19,body_pain|chills|dry_cough|fatigue|fever|headache|loss_of_taste|slow_heart_rate|sore_throat
Hypertension,chest_pain|fatigue|headache|high_blood_pressure|nausea|palpitations|sinus_pressure
Diabetes,excessive_hunger|excessive_thirst|fatigue|frequent_urination|hair_loss|numbness|skin_peeling|slow_heart_rate|tingling_sensation|weight_loss
Coronary Artery Disease,blood_in_urine|chest_pain|chest_tightness|fatigue|joint_pain|nausea|palpitations|shortness_of_breath|swollen_tonsils
Psoriasis,abdominal_tenderness|dry_skin|itching|joint_pain|skin_peeling|skin_rash|swelling_in_feet|swelling_in_legs
Typhoid,abdominal_pain|body_pain|constipation|fever|headache|high_fever|loss_of_appetite|skin_rash|swelling_in_feet|weakness|white_patches_in_throat
Psoriasis,brittle_nails|itching|joint_pain|red_spots_on_skin|skin_peeling|skin_rash
Migraine,blurred_vision|dizziness|fatigue|headache
Diabetes,blurred_vision|cloudy_urine|excessive_hunger|excessive_thirst|fatigue|frequent_infections|frequent_urination|slow_healing_wounds|tingling_sensation|weight_loss
Psoriasis,chest_pain|dry_skin|hoarseness|itching|skin_peeling|skin_rash
Gastroenteritis,abdominal_pain|brittle_nails|diarrhea|nausea|night_sweats|vomiting
Malaria,blisters|chills|diarrhea|fatigue|headache|hearing_difficulty|high_fever|muscle_pain|nausea|sweating|vomiting
Tuberculosis,body_pain|cough|fatigue|hives|night_sweats|weakness|weight_loss|wet_cough
Arthritis,cold_intolerance|fatigue|joint_pain|muscle_pain|neck_stiffness|swelling_in_legs|weakness
Chickenpox,blisters|fever|itching|palpitations|skin_rash
Malaria,abdominal_pain|chills|headache|high_fever|joint_pain|muscle_pain|sweating|vomiting|yellow_skin
Dengue,body_pain|drooling|headache|heat_intolerance|high_fever|joint_pain|nausea|rapid_breathing|red_spots_on_skin|vomiting|weakness
Bronchitis,chest_tightness|cough|fatigue|low_fever|sore_throat|weight_loss|wet_cough
Malaria,chills|diarrhea|headache|high_fever|muscle_pain|nausea|sneezing|sweating|swelling_in_legs|vomiting|yellow_skin
Otitis Media,ear_discharge|ear_pain|fever|low_fever|wheezing
Bronchitis,chest_tightness|cough|fatigue|headache|hoarseness|low_fever|neck_stiffness|skin_rash|sore_throat|wet_cough
Heart Failure,fatigue|irregular_heartbeat|palpitations|rapid_breathing|shortness_of_breath|swelling_in_feet|swelling_in_legs
Hepatitis B,abdominal_pain|fatigue|loss_of_appetite|low_fever|nausea|yellow_eyes|yellow_skin
Diabetes,dry_skin|excessive_thirst|fatigue|frequent_urination|hearing_difficulty|muscle_cramps|tingling_sensation
Arthritis,excessive_thirst|hoarseness|joint_pain|low_fever|swelling_in_legs
Tonsillitis,difficulty_swallowing|ear_pain|headache|muscle_cramps|sore_throat|swollen_tonsils
Kidney Stones,back_pain|blood_in_urine|chills|cloudy_urine|flank_pain|nausea|night_sweats|painful_urination_in_lower_abdomen|vomiting
Hyperthyroidism,anxiety|fast_heart_rate|heat_intolerance|palpitations|swelling_in_face|weight_loss|white_patches_in_throat
Diabetes,blurred_vision|excessive_thirst|fatigue|frequent_urination|heat_intolerance|low_blood_pressure|memory_problems|slow_healing_wounds|weakness|weight_loss
Influenza,cough|fatigue|fever|headache|high_fever|muscle_pain|sore_throat|sweating
Hypertension,chest_pain|dizziness|fatigue|headache|high_blood_pressure|watery_eyes
Migraine,blurred_vision|fatigue|headache|irritability|nausea
Hypothyroidism,cold_intolerance|dry_skin|fatigue|hair_loss|weight_gain
Pneumonia,chest_pain|cough|fast_heart_rate|fatigue|fever|shortness_of_breath|wet_cough
Laryngitis,difficulty_swallowing|dry_cough|hoarseness|sneezing|sore_throat|stuffy_nose|swollen_lymph_nodes|tremors|voice_loss
Typhoid,abdominal_pain|bloating|body_pain|confusion|constipation|fever|high_fever|loss_of_appetite|skin_rash|weakness
Heart Failure,fatigue|palpitations|pelvic_pain|rapid_breathing|shortness_of_breath|swelling_in_feet|swelling_in_legs
Otitis Media,ear_discharge|ear_pain|excessive_hunger|eye_pain|hearing_difficulty|irritability
Heart Failure,cold_feet|cold_hands|fatigue|palpitations|rapid_breathing|shortness_of_breath|swelling_in_feet|swelling_in_legs|weight_gain
Hepatitis B,abdominal_pain|fatigue|loss_of_appetite|yellow_eyes|yellow_skin
Conjunctivitis,blurred_vision|eye_pain|eye_redness|itching|watery_eyes|white_patches_in_throat
Mumps,facial_pain|fatigue|fever|headache|loss_of_appetite|muscle_pain
Typhoid,abdominal_pain|body_pain|fever|hair_loss|high_fever|loss_of_appetite|weakness
Gastroenteritis,abdominal_pain|bloating|diarrhea|excessive_sleepiness|headache|nausea|pelvic_pain|vomiting|weakness
Peptic Ulcer,abdominal_pain|bloating|joint_pain|nausea|stomach_pain|stuffy_nose|weight_loss
Mumps,chills|facial_pain|fever|swelling_in_face
Heart Failure,fatigue|irregular_heartbeat|swelling_in_feet|swelling_in_legs|watery_eyes
Tuberculosis,cough|irritability|loss_of_appetite|low_fever|night_sweats|weight_loss|wet_cough
COVID-19,chills|dry_cough|fatigue|fever|headache|loss_of_smell|sore_throat
Food Poisoning,abdominal_pain|chest_pain|diarrhea|nausea|vomiting|weakness
Chronic Kidney Disease,fatigue|frequent_urination|loss_of_appetite|muscle_cramps|nausea|rebound_pain|swelling_in_feet|swelling_in_legs
Influenza,bloating|body_pain|cough|fatigue|fever|high_fever|muscle_pain|post_nasal_drip|weakness
Chickenpox,blisters|chills|fast_heart_rate|fatigue|itching|loss_of_appetite|numbness|rebound_pain|skin_rash|weight_loss
Malaria,blood_in_urine|chills|diarrhea|facial_pain|fatigue|headache|nausea|sweating|vomiting|yellow_skin
Typhoid,abdominal_pain|body_pain|constipation|fever|headache|loss_of_appetite|loss_of_smell|skin_rash|weakness|wet_cough
Anemia,cold_feet|dizziness|fatigue|runny_nose|weakness
Common Cold,chills|cough|fatigue|low_fever|runny_nose|sneezing|sore_throat|stuffy_nose
Anemia,anxiety|cold_feet|cold_hands|fatigue|headache|weakness
Common Cold,cough|fatigue|headache|irritability|low_fever|runny_nose|sneezing|sore_throat|wet_cough
Common Cold,cough|frequent_infections|gum_bleeding|headache|irritability|low_fever|post_nasal_drip|runny_nose|sneezing|sore_throat|wheezing
Tonsillitis,chills|difficulty_swallowing|dry_skin|ear_pain|fever|hair_loss|neck_pain|sore_throat|swollen_tonsils
Eczema,dry_skin|itching|red_spots_on_skin|skin_peeling|skin_rash|swelling_in_face|weight_loss
Hepatitis A,blurred_vision|fatigue|irritability|joint_pain|loss_of_appetite|nausea|pale_stool|rapid_breathing|vomiting|yellow_eyes|yellow_skin
Psoriasis,brittle_nails|chills|fatigue|hives|itching|joint_pain|red_spots_on_skin|skin_peeling|skin_rash|swelling_in_face
Hypothyroidism,bloating|cold_intolerance|constipation|fatigue|hair_loss|slow_heart_rate
Conjunctivitis,blurred_vision|diarrhea|eye_redness|itching|watery_eyes
Common Cold,headache|rapid_breathing|runny_nose|sneezing|sore_throat|stuffy_nose|watery_eyes
Kidney Stones,back_pain|blood_in_urine|fever|flank_pain|painful_urination_in_lower_abdomen|vomiting
Measles,body_pain|cough|ear_pain|fever|high_fever|numbness|runny_nose|skin_rash|white_patches_in_throat
Hyperthyroidism,difficulty_breathing|difficulty_sleeping|dry_cough|fast_heart_rate|heat_intolerance|palpitations|red_spots_on_skin|tingling_sensation|tremors|weight_loss
Heart Failure,blood_in_urine|fatigue|rapid_breathing|shortness_of_breath|swelling_in_feet|swelling_in_legs|weight_gain
Psoriasis,itching|joint_pain|mouth_ulcers|red_spots_on_skin|skin_peeling|skin_rash
Mumps,facial_pain|fever|loss_of_appetite|muscle_cramps|muscle_pain|pelvic_pain|sneezing|swelling_in_face
Eczema,dry_skin|frequent_infections|itching|red_spots_on_skin|skin_rash|swelling_in_face
Asthma,chest_tightness|cough|difficulty_breathing|dry_cough|fatigue|runny_nose|shortness_of_breath|skin_peeling|wheezing
Chickenpox,blisters|body_pain|fatigue|irregular_heartbeat|itching|loss_of_appetite|skin_rash
Gastroenteritis,abdominal_pain|cold_feet|diarrhea|fever|nausea|vomiting
Tuberculosis,abdominal_pain|chest_pain|cough|fatigue|night_sweats|weight_loss|wet_cough
Kidney Stones,back_pain|blood_in_urine|dark_urine|flank_pain|nausea|painful_urination_in_lower_abdomen|vomiting
Hypertension,dizziness|fast_heart_rate|headache|high_blood_pressure|rebound_pain
Sinusitis,post_nasal_drip|runny_nose|sinus_pressure|stuffy_nose|testicular_pain
Kidney Stones,back_pain|blood_in_urine|flank_pain|nausea|painful_urination_in_lower_abdomen|sore_throat|tremors|vomiting
Tonsillitis,bad_breath|difficulty_swallowing|dizziness|fever|hives|sore_throat|swollen_lymph_nodes|swollen_tonsils|watery_eyes|white_patches_in_throat
COVID-19,body_pain|chills|confusion|dry_cough|fatigue|fever|headache|loss_of_smell|loss_of_taste|shortness_of_breath|sore_throat
Anemia,brittle_nails|chills|cold_feet|cold_hands|dizziness|fatigue|headache|voice_loss|weakness
Gastroenteritis,abdominal_pain|diarrhea|difficulty_swallowing|nausea|vomiting|weakness
Migraine,blurred_vision|dizziness|fatigue|headache|nausea|weakness
Hyperthyroidism,dry_skin|fast_heart_rate|heat_intolerance|palpitations|stuffy_nose|tremors
Laryngitis,dry_cough|ear_pain|hoarseness|sinus_pressure|skin_peeling|sore_throat|voice_loss
Otitis Media,bad_breath|ear_discharge|ear_pain|fever|headache|hearing_difficulty|irritability|low_fever
Coronary Artery Disease,chest_pain|chest_tightness|fatigue|palpitations|shortness_of_breath|sweating
Chronic Kidney Disease,fatigue|frequent_urination|high_blood_pressure|loss_of_appetite|swelling_in_feet|swelling_in_legs
Dengue,body_pain|eye_pain|headache|heat_intolerance|high_fever|joint_pain|red_spots_on_skin|skin_rash|vomiting|weakness
Influenza,body_pain|chills|cough|fatigue|fever|headache|high_fever|palpitations|sneezing|sweating
Sinusitis,facial_pain|headache|sinus_pressure|slow_heart_rate|stuffy_nose|white_patches_in_throat
Food Poisoning,abdominal_pain|body_pain|dark_urine|fever|headache|nausea|vomiting|weight_loss
Typhoid,abdominal_pain|bloating|diarrhea|facial_pain|fever|high_fever|weakness
Tuberculosis,chills|cough|mouth_ulcers|night_sweats|weakness|weight_loss|wet_cough
Appendicitis,abdominal_pain|abdominal_tenderness|low_fever|rebound_pain|swollen_tonsils|vomiting
Anemia,chest_pain|cold_feet|cold_hands|dizziness|fast_heart_rate|fatigue|headache|weakness
Pneumonia,chills|confusion|cough|facial_pain|fatigue|fever|night_sweats|rapid_breathing|shortness_of_breath|wet_cough
Anemia,burning_urination|chest_pain|cold_hands|dizziness|fast_heart_rate|fatigue|hair_loss|weakness
Peptic Ulcer,abdominal_pain|bloating|fatigue|loss_of_appetite|nausea|stomach_pain|watery_eyes
Psoriasis,itching|red_spots_on_skin|skin_peeling|skin_rash|swelling_in_face
Chronic Kidney Disease,fatigue|frequent_urination|high_blood_pressure|loss_of_appetite|slow_heart_rate|swelling_in_feet|swelling_in_legs
Otitis Media,ear_discharge|ear_pain|fever|headache|irritability|muscle_cramps|neck_pain
Hepatitis B,abdominal_pain|dark_urine|fatigue|loss_of_appetite|pale_stool|sore_throat|swollen_tonsils|weakness|yellow_eyes|yellow_skin
Sinusitis,cold_intolerance|ear_pain|facial_pain|high_blood_pressure|low_fever|sinus_pressure|stuffy_nose|tremors|weight_gain
COVID-19,body_pain|chills|dry_cough|fatigue|fever|loss_of_smell|nausea|swelling_in_legs|swollen_tonsils
Bronchitis,chest_tightness|cough|dry_skin|fatigue|sore_throat|wet_cough|yellow_eyes
Hyperthyroidism,difficulty_sleeping|fast_heart_rate|hair_loss|heat_intolerance|irregular_heartbeat|tremors|weight_loss
Tuberculosis,chest_pain|confusion|cough|fatigue|hoarseness|loss_of_appetite|low_fever|pelvic_pain|weakness|weight_loss|wet_cough
Kidney Stones,back_pain|blood_in_urine|diarrhea|flank_pain|frequent_urination|hearing_difficulty|nausea|painful_urination_in_lower_abdomen|slow_heart_rate
Hypertension,chest_pain|dizziness|fatigue|headache|high_blood_pressure|white_patches_in_throat
Typhoid,abdominal_pain|body_pain|constipation|diarrhea|fever|high_fever|irritability|loss_of_appetite|swelling_in_face|weakness|weight_loss
Sinusitis,ear_discharge|facial_pain|runny_nose|sinus_pressure|stuffy_nose|yellow_eyes
Coronary Artery Disease,chest_pain|chest_tightness|nausea|shortness_of_breath|swelling_in_legs
Chronic Kidney Disease,fatigue|frequent_urination|high_blood_pressure|loss_of_appetite|nausea|swelling_in_feet|swelling_in_legs
Typhoid,abdominal_pain|bloating|diarrhea|fever|headache|high_fever|loss_of_appetite|weakness
COVID-19,blood_in_urine|body_pain|chills|diarrhea|dry_cough|fatigue|fever|hair_loss|loss_of_taste
Food Poisoning,abdominal_pain|diarrhea|fever|nausea|vomiting|watery_eyes|weakness
Tuberculosis,chest_pain|confusion|cough|fatigue|loss_of_appetite|night_sweats|swelling_in_face|weight_loss|wet_cough
Pneumonia,chills|cough|drooling|fatigue|fever|shortness_of_breath|wet_cough
Psoriasis,cough|dry_skin|itching|joint_pain|loss_of_appetite|low_fever|red_spots_on_skin|skin_peeling|skin_rash|wet_cough
Typhoid,abdominal_pain|body_pain|constipation|cough|fever|headache|high_fever|weakness
Food Poisoning,diarrhea|fever|nausea|rebound_pain|vomiting
COVID-19,body_pain|dry_cough|fatigue|fever|loss_of_taste|nausea|pale_stool|shortness_of_breath|sneezing|sore_throat
Pneumonia,chills|confusion|cough|diarrhea|fatigue|fever|nausea|shortness_of_breath|wet_cough
Mumps,difficulty_sleeping|difficulty_swallowing|dizziness|ear_pain|facial_pain|fever|frequent_urination|swelling_in_face
Eczema,bloating|dry_skin|itching|red_spots_on_skin|skin_peeling|skin_rash
Migraine,blurred_vision|chills|dizziness|headache|swelling_in_feet|vomiting
Anemia,brittle_nails|cold_feet|cold_hands|dizziness|fast_heart_rate|fatigue|flank_pain|swollen_lymph_nodes|weakness
Hepatitis A,cold_intolerance|dark_urine|fatigue|low_fever|vomiting|yellow_eyes|yellow_skin
Hepatitis A,fatigue|fever|nausea|vomiting|yellow_eyes|yellow_skin
Peptic Ulcer,abdominal_pain|abdominal_tenderness|bloating|chest_pain|nausea|stomach_pain
Urinary Tract Infection (UTI),back_pain|burning_urination|cloudy_urine|ear_pain|frequent_urination|low_fever|pelvic_pain
Peptic Ulcer,abdominal_pain|stomach_pain|vomiting
Common Cold,ear_pain|pale_stool|post_nasal_drip|runny_nose|sneezing|sore_throat|stuffy_nose
Tonsillitis,bad_breath|difficulty_swallowing|fever|sore_throat|swollen_tonsils|white_patches_in_throat
Peptic Ulcer,abdominal_pain|abdominal_tenderness|bloating|eye_pain|memory_problems|nausea|vomiting
Influenza,body_pain|cough|fatigue|fever|headache|high_fever|muscle_pain|runny_nose|sinus_pressure|sore_throat|tremors
Kidney Stones,abdominal_pain|back_pain|blood_in_urine|fever|flank_pain|nausea|painful_urination_in_lower_abdomen|vomiting|weight_loss
Measles,cough|eye_redness|fever|high_fever|runny_nose|skin_rash|watery_eyes|weight_loss
Arthritis,chest_pain|heat_intolerance|joint_pain|swelling_in_legs|weakness|wet_cough
Heart Failure,constipation|excessive_thirst|fatigue|rapid_breathing|shortness_of_breath|swelling_in_feet|swelling_in_legs|weight_gain
Arthritis,eye_pain|fatigue|joint_pain|low_fever|muscle_pain|neck_stiffness|swelling_in_legs|weakness
Diabetes,blurred_vision|excessive_hunger|excessive_thirst|fatigue|frequent_urination|numbness|stomach_pain|tingling_sensation|weight_loss
Heart Failure,fatigue|shortness_of_breath|swelling_in_feet|swelling_in_legs|yellow_eyes
Hypertension,cold_feet|dizziness|fatigue|headache|high_blood_pressure|rebound_pain|watery_eyes
Food Poisoning,abdominal_pain|diarrhea|headache|nausea|stomach_pain|tingling_sensation|tremors|vomiting|weakness
COVID-19,body_pain|dry_cough|fatigue|fever|headache|loss_of_smell|nausea|shortness_of_breath
Otitis Media,ear_discharge|ear_pain|fever|headache|irritability|neck_stiffness|skin_peeling
Hypertension,blurred_vision|headache|high_blood_pressure|palpitations|swelling_in_face
Psoriasis,brittle_nails|difficulty_breathing|dry_skin|fast_heart_rate|fatigue|itching|joint_pain|skin_peeling|skin_rash|swelling_in_legs
Mumps,difficulty_swallowing|ear_pain|facial_pain|fatigue|fever|loss_of_appetite|low_fever|swelling_in_face
Hyperthyroidism,anxiety|bad_breath|difficulty_sleeping|excessive_hunger|fast_heart_rate|heat_intolerance|sweating|tremors|weight_loss
Chronic Kidney Disease,chills|ear_pain|fatigue|frequent_urination|high_blood_pressure|muscle_cramps|rebound_pain|swelling_in_feet|swelling_in_legs|watery_eyes
Hyperthyroidism,fast_heart_rate|frequent_urination|heat_intolerance|palpitations|tremors|weight_loss
Gastroenteritis,abdominal_pain|bloating|diarrhea|fever|nausea|vomiting|weakness
Chickenpox,blisters|body_pain|fatigue|fever|headache|heat_intolerance|itching|loss_of_appetite|skin_rash
Coronary Artery Disease,body_pain|chest_pain|chest_tightness|cold_hands|loss_of_taste|palpitations|shortness_of_breath|sweating|watery_eyes
Pneumonia,chest_pain|chills|cough|fatigue|fever|nausea|rapid_breathing|shortness_of_breath|sweating|wet_cough
Hyperthyroidism,anxiety|fast_heart_rate|heat_intolerance|loss_of_taste|tremors|weight_loss
Common Cold,cough|joint_pain|painful_urination_in_lower_abdomen|post_nasal_drip|red_spots_on_skin|runny_nose|sneezing|sore_throat|stuffy_nose
Eczema,abdominal_pain|brittle_nails|dry_skin|itching|red_spots_on_skin|skin_peeling|skin_rash
Food Poisoning,abdominal_pain|confusion|diarrhea|headache|mouth_ulcers|nausea|vomiting|weakness|weight_gain|yellow_skin
Diabetes,excessive_hunger|excessive_thirst|fatigue|frequent_infections|frequent_urination|low_blood_pressure|weight_loss
Measles,anxiety|cough|excessive_sleepiness|eye_redness|fever|high_fever|skin_rash|sore_throat|swelling_in_face|watery_eyes
Laryngitis,blisters|difficulty_swallowing|dry_cough|high_blood_pressure|hoarseness|sore_throat|voice_loss
Coronary Artery Disease,chest_pain|chest_tightness|cough|fatigue|palpitations|shortness_of_breath|sneezing
Typhoid,abdominal_pain|constipation|fever|headache|high_fever|loss_of_appetite|skin_rash|weakness
Diabetes,blurred_vision|ear_pain|excessive_hunger|excessive_thirst|fatigue|frequent_urination|tingling_sensation|weight_loss
Conjunctivitis,blurred_vision|eye_pain|eye_redness|itching|low_fever|pelvic_pain|swelling_in_face|watery_eyes
Chronic Kidney Disease,dark_urine|fatigue|hoarseness|itching|loss_of_appetite|nausea|swelling_in_feet|swelling_in_legs
Bronchitis,chest_tightness|cough|fatigue|shortness_of_breath|sore_throat|swollen_tonsils|wet_cough|wheezing
Arthritis,bloating|joint_pain|memory_problems|neck_pain|swelling_in_legs|weight_gain
Bronchitis,chest_tightness|cough|difficulty_breathing|fatigue|loss_of_smell|shortness_of_breath|sore_throat|tingling_sensation|wet_cough
Coronary Artery Disease,chest_pain|chest_tightness|fatigue|numbness|pelvic_pain|shortness_of_breath|sweating
Urinary Tract Infection (UTI),abdominal_pain|blood_in_urine|burning_urination|frequent_urination
Malaria,chills|cold_intolerance|diarrhea|fatigue|high_fever|loss_of_appetite|nausea|sweating
COVID-19,body_pain|chills|dry_cough|fatigue|fever|headache|loss_of_smell|loss_of_taste|skin_rash|sore_throat
Anemia,dizziness|dry_cough|fast_heart_rate|fatigue|frequent_infections|headache|hives|runny_nose|weakness
Peptic Ulcer,abdominal_pain|bloating|loss_of_appetite|nausea
Psoriasis,dark_urine|itching|red_spots_on_skin|skin_peeling|skin_rash|slow_heart_rate|sore_throat
Measles,cough|eye_redness|fast_heart_rate|fever|high_fever|joint_pain|rebound_pain|runny_nose|skin_rash|sore_throat
Hypertension,chest_pain|cold_intolerance|fast_heart_rate|fatigue|headache|high_blood_pressure
Allergy,cough|itching|runny_nose|sneezing|swelling_in_face|watery_eyes
Diabetes,blurred_vision|excessive_hunger|fatigue|frequent_urination|irritability|sinus_pressure|slow_healing_wounds
Arthritis,fatigue|joint_pain|low_fever|swelling_in_legs
Conjunctivitis,cold_hands|eye_pain|eye_redness|itching|runny_nose|swelling_in_face|watery_eyes
COVID-19,body_pain|diarrhea|difficulty_swallowing|dry_cough|fatigue|fever|gum_bleeding|headache|loss_of_taste|nausea|rebound_pain|sore_throat
Sinusitis,bad_breath|ear_pain|facial_pain|headache|post_nasal_drip|runny_nose|sinus_pressure|sore_throat|stuffy_nose
Gastroenteritis,abdominal_pain|diarrhea|fever|white_patches_in_throat
Hepatitis B,fatigue|loss_of_appetite|skin_rash|weakness|yellow_eyes|yellow_skin
Pneumonia,chest_pain|chills|cough|fatigue|fever|muscle_cramps|post_nasal_drip|shortness_of_breath|wet_cough
Diabetes,blurred_vision|excessive_thirst|fatigue|frequent_infections|frequent_urination|weight_loss
Hypothyroidism,cold_intolerance|constipation|dry_skin|excessive_sleepiness|fatigue|hair_loss|slow_heart_rate|voice_loss|weight_gain
Dengue,anxiety|body_pain|dark_urine|headache|high_fever|joint_pain|nausea|skin_rash|vomiting|weakness
Gastritis,abdominal_pain|bloating|loss_of_appetite|nausea|stomach_pain
Anemia,dizziness|fast_heart_rate|fatigue|weakness
Arthritis,high_fever|joint_pain|low_fever|muscle_pain|neck_stiffness|swelling_in_legs
Allergy,hives|itching|night_sweats|runny_nose|skin_rash|sneezing|sweating
Tuberculosis,cough|night_sweats|swollen_lymph_nodes|weight_loss|wet_cough
Gastritis,abdominal_pain|bloating|diarrhea|loss_of_appetite|nausea|slow_healing_wounds|sneezing|stomach_pain|vomiting|weight_loss
Heart Failure,facial_pain|fatigue|numbness|palpitations|rapid_breathing|shortness_of_breath|swelling_in_legs
Psoriasis,dry_skin|itching|joint_pain|red_spots_on_skin|skin_peeling|skin_rash|tingling_sensation
Tuberculosis,bloating|chest_pain|cough|fatigue|loss_of_taste|low_fever|night_sweats|weight_loss|wet_cough
Tonsillitis,difficulty_swallowing|headache|sore_throat|swollen_tonsils|white_patches_in_throat
Psoriasis,chest_tightness|joint_pain|low_fever|skin_peeling|skin_rash
Urinary Tract Infection (UTI),abdominal_pain|back_pain|blood_in_urine|burning_urination|dark_urine|frequent_urination|pelvic_pain
Eczema,chills|dry_skin|itching|red_spots_on_skin|skin_peeling|skin_rash|swelling_in_legs
Asthma,chest_tightness|cold_hands|dry_cough|post_nasal_drip|rapid_breathing|shortness_of_breath|sweating|wheezing
Hypothyroidism,cold_intolerance|dry_skin|excessive_sleepiness|fatigue|hair_loss|hives|slow_heart_rate|weight_gain
Hypertension,facial_pain|fatigue|headache|high_blood_pressure
Typhoid,abdominal_pain|body_pain|chills|difficulty_sleeping|fever|headache|high_fever|loss_of_appetite|palpitations|skin_rash|weakness
Kidney Stones,back_pain|fever|flank_pain|high_fever|nausea|swollen_lymph_nodes|vomiting
Peptic Ulcer,abdominal_pain|abdominal_tenderness|bloating|drooling|excessive_sleepiness|loss_of_appetite|stomach_pain
Mumps,cloudy_urine|ear_pain|facial_pain|fever|headache|loss_of_appetite|swelling_in_face|wheezing
Otitis Media,brittle_nails|ear_discharge|ear_pain|fever|irritability
Heart Failure,chills|fatigue|palpitations|shortness_of_breath|swelling_in_legs|weight_loss
Chronic Kidney Disease,fatigue|swelling_in_feet|swelling_in_legs
Conjunctivitis,blurred_vision|eye_redness|low_fever|sweating|swelling_in_face|watery_eyes
Coronary Artery Disease,chest_pain|chest_tightness|fatigue|numbness|palpitations|shortness_of_breath|sweating
Hepatitis B,abdominal_pain|dark_urine|fatigue|loss_of_appetite|nausea|weakness|yellow_eyes|yellow_skin
Dengue,body_pain|diarrhea|headache|high_fever|joint_pain|nausea|stuffy_nose|vomiting
Tuberculosis,body_pain|chest_pain|cough|fatigue|low_fever|night_sweats|pale_stool|weakness|wet_cough
Urinary Tract Infection (UTI),abdominal_pain|burning_urination|cloudy_urine|drooling|frequent_urination
Kidney Stones,back_pain|blood_in_urine|flank_pain|frequent_urination|painful_urination_in_lower_abdomen
Tonsillitis,bad_breath|ear_pain|fever|headache|sore_throat|swollen_lymph_nodes|swollen_tonsils|weakness|white_patches_in_throat
Chickenpox,abdominal_pain|blisters|body_pain|fast_heart_rate|fatigue|fever|headache|itching|loss_of_appetite|mouth_ulcers|skin_rash
Otitis Media,ear_discharge|ear_pain|fever|headache
Typhoid,abdominal_pain|abdominal_tenderness|bloating|constipation|fever|headache|high_fever|itching|loss_of_appetite|swelling_in_legs|weakness
Tuberculosis,chest_pain|chills|cough|hoarseness|loss_of_appetite|night_sweats|weight_loss|wet_cough
Food Poisoning,abdominal_pain|blurred_vision|diarrhea|fever|nausea|stomach_pain|vomiting|weakness
Allergy,cough|hives|itching|runny_nose|skin_rash|sneezing|watery_eyes
Hyperthyroidism,fast_heart_rate|heat_intolerance|loss_of_smell|sweating|weight_loss
Chickenpox,anxiety|blisters|drooling|ear_pain|fatigue|headache|itching|loss_of_appetite|skin_rash
Common Cold,headache|low_fever|post_nasal_drip|rapid_breathing|runny_nose|sneezing|sore_throat|stuffy_nose
Allergy,cloudy_urine|hives|itching|runny_nose|skin_rash|sneezing|stuffy_nose
Allergy,hives|itching|runny_nose|slow_healing_wounds|sneezing|swelling_in_face
Typhoid,abdominal_pain|bloating|fever|headache|high_fever|loss_of_appetite|weakness
Coronary Artery Disease,chest_pain|dizziness|fatigue|palpitations|shortness_of_breath
Appendicitis,abdominal_pain|abdominal_tenderness|constipation|headache|nausea|rebound_pain|vomiting
Psoriasis,blood_in_urine|difficulty_swallowing|irritability|itching|red_spots_on_skin|skin_peeling|skin_rash
Kidney Stones,abdominal_tenderness|back_pain|blood_in_urine|chills|flank_pain|headache|palpitations
Tuberculosis,chest_pain|chills|cough|excessive_thirst|fatigue|low_fever|night_sweats|weight_loss|wet_cough
Appendicitis,abdominal_pain|abdominal_tenderness|bloating|constipation|eye_redness|loss_of_appetite|low_blood_pressure|low_fever|nausea|rebound_pain|swelling_in_face|vomiting
Chickenpox,blisters|body_pain|difficulty_breathing|fever|itching|loss_of_appetite|numbness|skin_rash
Coronary Artery Disease,chest_pain|chest_tightness|nausea|shortness_of_breath|stuffy_nose|sweating|testicular_pain|tingling_sensation|tremors
Tuberculosis,chest_pain|cough|night_sweats|tremors|weakness|weight_loss|wet_cough
Malaria,chills|high_fever|nausea|sweating|vomiting
Common Cold,cough|dizziness|low_fever|post_nasal_drip|sneezing|sore_throat|stuffy_nose
Hypothyroidism,cold_intolerance|dry_skin|fatigue|hair_loss|pelvic_pain|slow_heart_rate|weight_gain
Hyperthyroidism,fast_heart_rate|memory_problems|palpitations|tremors|weight_loss
Hepatitis A,dark_urine|fatigue|high_blood_pressure|loss_of_appetite|nausea|yellow_eyes|yellow_skin
Peptic Ulcer,abdominal_pain|bloating|excessive_sleepiness|nausea|stomach_pain|stuffy_nose|weight_loss
Urinary Tract Infection (UTI),abdominal_pain|blood_in_urine|burning_urination|cloudy_urine|frequent_urination|low_fever|pelvic_pain|watery_eyes
Conjunctivitis,blurred_vision|eye_pain|eye_redness|itching|low_fever|nausea|watery_eyes
Chickenpox,blisters|fatigue|headache|itching|rebound_pain|skin_rash
Arthritis,dark_urine|joint_pain|low_blood_pressure|muscle_pain|skin_rash|swelling_in_legs
Chickenpox,blisters|fever|itching|skin_rash|testicular_pain
Bronchitis,chest_tightness|cough|low_fever|shortness_of_breath|sore_throat|wet_cough|wheezing
Hyperthyroidism,anxiety|fast_heart_rate|heat_intolerance|palpitations|sweating|tremors|weight_loss
Malaria,chills|diarrhea|high_fever|muscle_pain|nausea|sweating|swollen_tonsils|yellow_skin
Mumps,facial_pain|fatigue|fever|loss_of_appetite|muscle_pain|swelling_in_face
Tonsillitis,bad_breath|difficulty_swallowing|drooling|fever|frequent_urination|slow_healing_wounds|sore_throat|swollen_tonsils|white_patches_in_throat
Laryngitis,difficulty_swallowing|dry_cough|frequent_infections|heat_intolerance|hoarseness|sore_throat|voice_loss
Gastroenteritis,abdominal_pain|diarrhea|fever|heat_intolerance|loss_of_appetite|nausea|vomiting|weakness
Hepatitis A,bad_breath|dark_urine|fatigue|loss_of_appetite|nausea|vomiting|yellow_eyes
Sinusitis,cough|facial_pain|headache|post_nasal_drip|sinus_pressure|stuffy_nose
Measles,chills|cough|difficulty_sleeping|eye_redness|fever|high_fever|skin_rash
Heart Failure,cold_feet|fatigue|palpitations|rapid_breathing|shortness_of_breath|sinus_pressure|swelling_in_feet|swelling_in_legs
Heart Failure,constipation|fatigue|shortness_of_breath|swelling_in_feet|swelling_in_legs
Urinary Tract Infection (UTI),abdominal_pain|burning_urination|cloudy_urine|frequent_urination|nausea|rebound_pain|skin_rash
Hyperthyroidism,anxiety|back_pain|difficulty_breathing|excessive_hunger|fast_heart_rate|heat_intolerance|high_fever|irregular_heartbeat|palpitations|sweating|weight_loss
Pneumonia,chest_pain|chills|cough|fever|nausea|rapid_breathing|shortness_of_breath|wet_cough
Diabetes,difficulty_swallowing|dry_skin|excessive_hunger|excessive_thirst|fatigue|frequent_infections|frequent_urination|muscle_cramps|weight_loss|wet_cough
Hepatitis A,burning_urination|dark_urine|fatigue|nausea|yellow_eyes|yellow_skin
Hepatitis B,abdominal_pain|dark_urine|excessive_sleepiness|fatigue|loss_of_appetite|nausea|weakness|yellow_eyes|yellow_skin
Allergy,chest_tightness|hives|itching|runny_nose|sneezing|watery_eyes
Influenza,bad_breath|body_pain|chills|cough|fatigue|fever|headache|high_fever|muscle_pain|runny_nose|sore_throat|weakness
Diabetes,body_pain|dry_skin|excessive_hunger|excessive_thirst|fatigue|frequent_urination|irritability
Chronic Kidney Disease,chest_pain|fatigue|frequent_urination|high_blood_pressure|low_blood_pressure|skin_rash|swelling_in_feet|swelling_in_legs
Gastritis,abdominal_pain|bloating|high_fever|nausea|stomach_pain|swelling_in_feet|swelling_in_legs|vomiting
Allergy,headache|hives|itching|runny_nose|sneezing|stuffy_nose|wheezing
Anemia,cold_feet|cold_hands|confusion|dizziness|fatigue|low_fever|night_sweats|weakness
Kidney Stones,back_pain|blood_in_urine|flank_pain
Urinary Tract Infection (UTI),back_pain|burning_urination|cloudy_urine|eye_pain|frequent_urination|loss_of_smell|rebound_pain|swelling_in_legs|vomiting
Influenza,bad_breath|body_pain|chills|cough|difficulty_breathing|ear_discharge|fatigue|fever|flank_pain|headache|high_fever|muscle_pain|nausea|runny_nose|sweating
Hyperthyroidism,difficulty_sleeping|fast_heart_rate|heat_intolerance|loss_of_appetite|sweating|swelling_in_face|tremors|weight_loss
COVID-19,body_pain|chills|diarrhea|dry_cough|fatigue|fever|headache|loss_of_taste|nausea|shortness_of_breath
Kidney Stones,back_pain|blood_in_urine|cloudy_urine|fever|flank_pain|frequent_urination|irregular_heartbeat|pelvic_pain|shortness_of_breath|vomiting
Bronchitis,chest_tightness|cough|gum_bleeding|low_fever|runny_nose|sore_throat|voice_loss|wet_cough|wheezing
Mumps,facial_pain|fever|hair_loss|headache|swelling_in_face
Coronary Artery Disease,chest_pain|chest_tightness|cold_hands|diarrhea|shortness_of_breath|sweating
Arthritis,fatigue|joint_pain|muscle_pain|neck_stiffness|sinus_pressure|swelling_in_legs|weight_loss
Asthma,back_pain|cough|difficulty_breathing|difficulty_sleeping|dry_cough|facial_pain|flank_pain|shortness_of_breath|sinus_pressure|wheezing
Coronary Artery Disease,chest_pain|chest_tightness|shortness_of_breath|sweating
Arthritis,abdominal_pain|irregular_heartbeat|joint_pain|low_fever|muscle_pain|neck_stiffness|swelling_in_legs|swollen_tonsils|watery_eyes
Urinary Tract Infection (UTI),abdominal_pain|burning_urination|chills|cloudy_urine|frequent_urination|pelvic_pain
Kidney Stones,back_pain|blood_in_urine|flank_pain|frequent_urination|nausea|painful_urination_in_lower_abdomen|pale_stool|vomiting
Tuberculosis,chest_pain|cough|dizziness|headache|hives|night_sweats|pelvic_pain|weakness|weight_loss|wet_cough
Malaria,chills|fatigue|high_blood_pressure|high_fever|muscle_pain|nausea|sweating|vomiting
Mumps,diarrhea|facial_pain|fatigue|fever|loss_of_appetite|swelling_in_face
Hypertension,anxiety|chest_pain|fast_heart_rate|fatigue|headache|high_blood_pressure|voice_loss
Allergy,bloating|brittle_nails|hives|itching|painful_urination_in_lower_abdomen|runny_nose|skin_rash|sneezing|swelling_in_face|swollen_tonsils|watery_eyes
Migraine,blood_in_urine|blurred_vision|cold_intolerance|eye_pain|headache|irritability|neck_stiffness|vomiting|white_patches_in_throat
COVID-19,body_pain|diarrhea|dry_cough|ear_discharge|fatigue|fever|loss_of_taste|nausea|sore_throat
Measles,cough|fever|high_fever|irritability|skin_rash|sore_throat|wheezing
Arthritis,fatigue|frequent_urination|joint_pain|memory_problems|muscle_pain|neck_stiffness|swelling_in_legs
Psoriasis,dry_skin|excessive_sleepiness|fatigue|itching|joint_pain|skin_peeling|skin_rash
Influenza,body_pain|chest_pain|cough|fast_heart_rate|fatigue|fever|high_fever|muscle_pain|nausea|weakness
Hypertension,confusion|dizziness|fast_heart_rate|headache|high_blood_pressure|swelling_in_legs|yellow_skin
Gastroenteritis,abdominal_pain|bloating|diarrhea|frequent_urination|nausea|vomiting
Eczema,dry_skin|itching|memory_problems|red_spots_on_skin|skin_rash
Gastritis,abdominal_pain|loss_of_appetite|nausea|stomach_pain|vomiting
Hyperthyroidism,blurred_speech|eye_pain|fast_heart_rate|hair_loss|heat_intolerance|nausea|palpitations|skin_rash|sweating|watery_eyes|weight_loss|yellow_eyes
Otitis Media,bloating|difficulty_breathing|ear_discharge|ear_pain|excessive_hunger|fever|irritability
Gastroenteritis,abdominal_pain|diarrhea|headache|muscle_cramps|muscle_pain|nausea|tremors|vomiting
Food Poisoning,abdominal_pain|bloating|diarrhea|fatigue|fever|headache|vomiting|weakness|weight_gain
Influenza,bad_breath|blood_in_urine|body_pain|chills|cough|fatigue|fever|headache|high_fever|irregular_heartbeat|muscle_pain|neck_pain|runny_nose|shortness_of_breath|weakness
Dengue,body_pain|headache|high_fever|joint_pain|nausea|numbness|red_spots_on_skin|slow_heart_rate|weakness|weight_gain
Pneumonia,blurred_vision|cough|fever|rapid_breathing|sweating|wet_cough
Migraine,blurred_vision|cold_feet|dizziness|headache|irritability|slow_heart_rate|stomach_pain|vomiting
Anemia,blurred_vision|cloudy_urine|cold_feet|cold_hands|dizziness|fast_heart_rate|fatigue|frequent_urination|swollen_lymph_nodes|weakness|weight_gain
Psoriasis,anxiety|bad_breath|brittle_nails|itching|joint_pain|rebound_pain|red_spots_on_skin|skin_peeling|skin_rash|watery_eyes
Laryngitis,drooling|dry_cough|excessive_hunger|high_blood_pressure|hoarseness|loss_of_taste|sore_throat|voice_loss
Measles,body_pain|cough|excessive_thirst|eye_redness|fever|high_fever|low_blood_pressure|runny_nose|skin_rash|watery_eyes
Psoriasis,constipation|dry_skin|itching|joint_pain|red_spots_on_skin|skin_peeling|skin_rash
Otitis Media,ear_discharge|ear_pain|facial_pain|fever|sweating
Kidney Stones,back_pain|blood_in_urine|cloudy_urine|fever|flank_pain|painful_urination_in_lower_abdomen|sweating
Hepatitis B,back_pain|dark_urine|fatigue|joint_pain|loss_of_appetite|palpitations|yellow_eyes|yellow_skin
Laryngitis,blisters|bloating|constipation|difficulty_swallowing|fatigue|hoarseness|skin_peeling|sore_throat|voice_loss|white_patches_in_throat
Conjunctivitis,blurred_vision|eye_redness|itching|watery_eyes|weight_loss
Migraine,blurred_vision|dizziness|eye_pain|fatigue|headache|weight_loss
Heart Failure,cold_feet|fatigue|palpitations|rapid_breathing|shortness_of_breath|swelling_in_feet|swelling_in_legs|testicular_pain
Allergy,cough|itching|runny_nose|skin_rash|sneezing|stuffy_nose|watery_eyes
Coronary Artery Disease,abdominal_tenderness|chest_pain|chest_tightness|cold_hands|fatigue|frequent_infections|heat_intolerance|high_fever|mouth_ulcers|nausea|palpitations|shortness_of_breath|watery_eyes
Food Poisoning,abdominal_pain|bloating|confusion|diarrhea|fever|nausea|vomiting|weakness
Otitis Media,cold_hands|ear_discharge|ear_pain|fever|headache|hearing_difficulty
Measles,constipation|eye_redness|fever|high_fever|skin_rash|swelling_in_legs|weight_gain
Urinary Tract Infection (UTI),abdominal_pain|back_pain|burning_urination|cloudy_urine|frequent_urination|pelvic_pain|red_spots_on_skin
Gastroenteritis,abdominal_pain|bloating|chills|diarrhea|dry_skin|fever|vomiting
Allergy,hives|itching|runny_nose|sneezing|swelling_in_face|watery_eyes
Conjunctivitis,blurred_vision|eye_pain|eye_redness|itching|low_fever|swelling_in_face|watery_eyes
Appendicitis,abdominal_pain|abdominal_tenderness|loss_of_appetite|low_fever|rebound_pain
Laryngitis,difficulty_breathing|hoarseness|sore_throat|voice_loss
Laryngitis,back_pain|difficulty_swallowing|dry_cough|ear_pain|high_fever|hoarseness|sore_throat|stomach_pain|voice_loss
Conjunctivitis,bad_breath|eye_redness|irritability|itching|neck_pain|swelling_in_face
Peptic Ulcer,abdominal_pain|bloating|loss_of_appetite|nausea|sneezing|stomach_pain|swollen_tonsils|vomiting
Hepatitis A,fatigue|loss_of_appetite|low_fever|pale_stool|yellow_eyes|yellow_skin
Diabetes,dry_skin|excessive_hunger|excessive_thirst|fatigue|frequent_urination|neck_stiffness|numbness|weight_loss
Eczema,dry_skin|itching|low_fever|skin_peeling|skin_rash|swelling_in_face|swollen_tonsils
Conjunctivitis,cough|eye_pain|eye_redness|itching|sore_throat|watery_eyes|white_patches_in_throat
Typhoid,abdominal_pain|constipation|fever|headache|high_blood_pressure|high_fever|loss_of_appetite|weakness
Tuberculosis,chest_pain|cough|excessive_thirst|fatigue|frequent_urination|night_sweats|weight_loss|wet_cough
Diabetes,excessive_hunger|excessive_thirst|fatigue|frequent_infections|frequent_urination|numbness|tremors|weight_loss
Bronchitis,chest_tightness|cough|fatigue|headache|low_fever|sore_throat|weight_loss|wet_cough
Typhoid,abdominal_pain|fever|high_fever|loss_of_appetite|night_sweats|weakness
Dengue,body_pain|headache|high_fever|joint_pain|nausea|palpitations|skin_rash
Common Cold,headache|high_fever|low_fever|mouth_ulcers|runny_nose|sneezing|sore_throat
Malaria,abdominal_pain|brittle_nails|chills|fatigue|high_fever|nausea|sweating|vomiting
Gastroenteritis,abdominal_pain|diarrhea|eye_redness|nausea|vomiting|weakness
Hepatitis A,dark_urine|fatigue|itching|joint_pain|low_fever|nausea|pale_stool|vomiting|yellow_skin
Chickenpox,blisters|body_pain|fever|itching|loss_of_appetite|skin_rash|weight_gain
Influenza,body_pain|chills|confusion|cough|diarrhea|fatigue|fever|high_fever|muscle_pain|runny_nose|weakness
Tuberculosis,body_pain|chest_pain|chills|cough|fatigue|loss_of_appetite|night_sweats|weakness|weight_gain|weight_loss
Coronary Artery Disease,chest_pain|chest_tightness|cold_hands|fatigue|nausea|palpitations|shortness_of_breath|sweating
Malaria,abdominal_pain|chills|headache|high_fever|muscle_pain|nausea|night_sweats|sneezing|sweating|vomiting|yellow_skin
Hyperthyroidism,difficulty_sleeping|excessive_hunger|fast_heart_rate|heat_intolerance|muscle_pain|painful_urination_in_lower_abdomen|tremors|weight_loss
Psoriasis,dry_skin|itching|red_spots_on_skin|skin_peeling|wheezing
Diabetes,blurred_vision|excessive_thirst|fatigue|frequent_urination|slow_healing_wounds|swelling_in_face|weight_loss
Dengue,body_pain|frequent_urination|gum_bleeding|headache|high_blood_pressure|high_fever|joint_pain|nausea|red_spots_on_skin|skin_rash|vomiting|weakness
Typhoid,abdominal_pain|bloating|body_pain|constipation|fever|hair_loss|high_fever|loss_of_appetite|weakness
Anemia,cold_feet|dizziness|fatigue|hair_loss|high_fever|hives|joint_pain|neck_pain
Chickenpox,blisters|fever|headache|itching|loss_of_appetite|muscle_cramps|skin_rash
Dengue,body_pain|headache|joint_pain|nausea|vomiting
Bronchitis,chest_tightness|cough|ear_pain|headache|low_fever|shortness_of_breath|skin_rash|sore_throat|swollen_lymph_nodes|wet_cough|wheezing|yellow_eyes
Psoriasis,back_pain|itching|joint_pain|numbness|skin_peeling|skin_rash
Dengue,back_pain|body_pain|headache|high_fever|irregular_heartbeat|joint_pain|mouth_ulcers|skin_rash|vomiting|weakness
Heart Failure,cold_hands|fatigue|palpitations|rapid_breathing|shortness_of_breath|stuffy_nose|swelling_in_feet|swelling_in_legs
Pneumonia,chills|cold_feet|cough|fatigue|fever|neck_pain|rapid_breathing|shortness_of_breath|wet_cough
Heart Failure,dark_urine|fatigue|palpitations|rapid_breathing|shortness_of_breath|swelling_in_feet|swelling_in_legs
Heart Failure,cold_hands|confusion|excessive_hunger|fatigue|high_blood_pressure|irregular_heartbeat|loss_of_smell|night_sweats|palpitations|shortness_of_breath|swelling_in_legs|weight_gain
Otitis Media,ear_discharge|ear_pain|fever|headache|hearing_difficulty|high_blood_pressure|irritability|neck_pain
Laryngitis,difficulty_swallowing|hoarseness|sore_throat|testicular_pain|voice_loss|watery_eyes
Heart Failure,fatigue|palpitations|rapid_breathing|shortness_of_breath|swelling_in_feet|swelling_in_legs|weakness
Psoriasis,dry_skin|joint_pain|neck_stiffness|skin_peeling|skin_rash|sneezing|stomach_pain|swelling_in_face|white_patches_in_throat
Psoriasis,diarrhea|dry_skin|hearing_difficulty|hoarseness|itching|joint_pain|skin_peeling
Gastroenteritis,abdominal_pain|abdominal_tenderness|bloating|diarrhea|facial_pain|fever|headache|night_sweats|stuffy_nose|vomiting|weakness
Dengue,body_pain|cough|gum_bleeding|headache|high_fever|joint_pain|vomiting|yellow_eyes
Typhoid,abdominal_pain|body_pain|constipation|fever|high_fever|skin_rash|weakness
Tuberculosis,body_pain|chest_pain|chills|cough|fatigue|loss_of_appetite|low_fever|night_sweats|testicular_pain|weakness|weight_loss
Hepatitis A,abdominal_pain|dark_urine|fatigue|low_fever|nausea|pale_stool|yellow_eyes|yellow_skin
Bronchitis,body_pain|chest_tightness|cough|fatigue|irregular_heartbeat|low_fever|shortness_of_breath|sore_throat|swelling_in_face|wet_cough|wheezing|yellow_skin
Malaria,abdominal_pain|chills|confusion|diarrhea|fatigue|high_fever|nausea|slow_heart_rate|sneezing|sweating
Anemia,cold_feet|cold_hands|dizziness|fast_heart_rate|itching|stomach_pain|stuffy_nose|weakness
Hypertension,chest_pain|dizziness|excessive_hunger|fatigue|headache|high_blood_pressure|rapid_breathing
Hepatitis A,abdominal_pain|fatigue|joint_pain|nausea|sneezing|vomiting|yellow_eyes|yellow_skin
Chickenpox,fatigue|fever|itching|loss_of_appetite|skin_rash
Eczema,dry_skin|frequent_infections|itching|red_spots_on_skin|skin_rash|white_patches_in_throat
Influenza,body_pain|cough|fatigue|fever|headache|high_fever|nausea|skin_rash|sweating
Anemia,cold_feet|dizziness|fast_heart_rate|fatigue|hair_loss|high_fever|palpitations|weakness
Bronchitis,burning_urination|chest_tightness|cough|fatigue|loss_of_smell|low_fever|sore_throat|wet_cough
Kidney Stones,back_pain|blood_in_urine|flank_pain|memory_problems|nausea|neck_pain|painful_urination_in_lower_abdomen|tingling_sensation
Coronary Artery Disease,chest_pain|chest_tightness|fatigue|fever|shortness_of_breath|swollen_tonsils
Gastritis,bloating|loss_of_appetite|nausea|stomach_pain|weight_loss
Allergy,blurred_vision|hives|itching|runny_nose|sneezing
Measles,ear_pain|eye_redness|fever|high_fever|itching|skin_rash|tingling_sensation|watery_eyes|yellow_eyes|yellow_skin
Hyperthyroidism,dry_cough|excessive_hunger|fast_heart_rate|hair_loss|heat_intolerance|palpitations|weight_loss
Measles,body_pain|eye_redness|fever|high_fever|runny_nose|skin_rash|watery_eyes|white_patches_in_throat
Laryngitis,drooling|hair_loss|hoarseness|sore_throat|voice_loss
Malaria,abdominal_pain|chills|dry_skin|fatigue|high_fever|nausea|sweating|vomiting
Chronic Kidney Disease,bloating|fatigue|frequent_urination|high_blood_pressure|swelling_in_feet|swelling_in_legs
COVID-19,body_pain|dry_cough|fatigue|headache|loss_of_smell
Gastritis,abdominal_pain|loss_of_appetite|nausea|stomach_pain|vomiting|weight_loss
Anemia,cold_feet|cold_hands|dizziness|fast_heart_rate|fatigue|headache|nausea|weakness
Hepatitis A,dark_urine|fatigue|low_fever|nausea|numbness|pale_stool|vomiting|yellow_eyes|yellow_skin
Sinusitis,facial_pain|headache|hoarseness|runny_nose|sinus_pressure|stuffy_nose|swelling_in_face
Conjunctivitis,back_pain|blurred_vision|dry_skin|eye_redness|itching|swelling_in_face|swelling_in_feet|watery_eyes
Food Poisoning,abdominal_pain|diarrhea|eye_pain|nausea|stomach_pain|vomiting|weakness
COVID-19,blurred_vision|body_pain|confusion|dry_cough|fatigue|fever|headache|post_nasal_drip|sore_throat
Asthma,chest_tightness|cough|difficulty_sleeping|dry_cough|rapid_breathing|shortness_of_breath|wheezing
Mumps,difficulty_swallowing|facial_pain|fever|headache|loss_of_appetite|shortness_of_breath|sweating|swelling_in_face
Hepatitis A,abdominal_pain|fatigue|loss_of_appetite|low_fever|nausea|numbness|post_nasal_drip|yellow_eyes|yellow_skin
Hepatitis A,body_pain|dark_urine|fatigue|loss_of_appetite|nausea|post_nasal_drip|yellow_eyes|yellow_skin
Tonsillitis,bad_breath|difficulty_swallowing|drooling|dry_cough|fever|sore_throat|swollen_tonsils|white_patches_in_throat
Chronic Kidney Disease,fatigue|frequent_urination|hearing_difficulty|high_blood_pressure|loss_of_appetite|memory_problems|nausea|swelling_in_feet|swelling_in_legs
Asthma,blurred_speech|chest_tightness|difficulty_sleeping|rapid_breathing|shortness_of_breath|sneezing|wheezing
Measles,eye_redness|fever|headache|high_fever|painful_urination_in_lower_abdomen|skin_rash|watery_eyes
Chickenpox,blisters|dry_cough|fever|loss_of_appetite|skin_rash|stomach_pain
Typhoid,abdominal_pain|body_pain|fever|gum_bleeding|headache|high_fever|voice_loss|weakness
Gastritis,abdominal_pain|loss_of_appetite|nausea|stomach_pain|weight_loss
Diabetes,blurred_vision|excessive_hunger|excessive_thirst|fatigue|frequent_urination|numbness|runny_nose|shortness_of_breath|stomach_pain|swollen_tonsils
Malaria,abdominal_pain|chills|fatigue|high_fever|nausea|sweating
Arthritis,cloudy_urine|fatigue|joint_pain|neck_stiffness|stuffy_nose|swelling_in_legs|weakness
Otitis Media,dizziness|ear_discharge|ear_pain|fast_heart_rate|fever|hearing_difficulty|irritability
Tuberculosis,blood_in_urine|chest_pain|chills|cough|fast_heart_rate|loss_of_appetite|low_fever|night_sweats|weight_loss|wet_cough
Arthritis,joint_pain|swelling_in_legs
Bronchitis,chest_tightness|cough|loss_of_smell|shortness_of_breath|sore_throat|wet_cough|wheezing
Hypertension,blurred_vision|chest_pain|dizziness|facial_pain|fatigue|headache|high_blood_pressure
Conjunctivitis,blurred_vision|eye_pain|eye_redness|itching|sore_throat|swelling_in_face|watery_eyes
Bronchitis,bloating|body_pain|chest_tightness|cough|facial_pain|fatigue|low_fever|sweating|wet_cough|wheezing
Peptic Ulcer,abdominal_pain|bloating|stomach_pain|weight_loss
Common Cold,gum_bleeding|headache|low_fever|post_nasal_drip|runny_nose|sneezing|sore_throat|stuffy_nose
Chronic Kidney Disease,fatigue|high_blood_pressure|loss_of_appetite|swelling_in_feet|swelling_in_legs
Asthma,chest_tightness|dry_cough|rapid_breathing|shortness_of_breath|slow_heart_rate|wheezing
Malaria,abdominal_pain|anxiety|chills|diarrhea|fatigue|high_fever|muscle_pain|nausea|rapid_breathing|sweating|swelling_in_legs|vomiting|yellow_skin
Typhoid,abdominal_pain|chest_tightness|constipation|fever|headache|high_fever|loss_of_appetite|weakness
Otitis Media,ear_discharge|ear_pain|fever|headache|hearing_difficulty|irritability|testicular_pain|watery_eyes
Food Poisoning,abdominal_pain|bloating|chest_tightness|diarrhea|fever|nausea|stomach_pain|vomiting|weakness
Sinusitis,brittle_nails|facial_pain|headache|low_blood_pressure|nausea|sinus_pressure|stuffy_nose|tingling_sensation
Coronary Artery Disease,chest_pain|chest_tightness|shortness_of_breath|sinus_pressure|sweating|swelling_in_face
Bronchitis,chest_tightness|cough|wet_cough
Gastritis,abdominal_pain|abdominal_tenderness|nausea|stomach_pain|vomiting|weight_loss
Chronic Kidney Disease,fatigue|frequent_urination|high_blood_pressure|loss_of_appetite|nausea|shortness_of_breath|swelling_in_feet|swelling_in_legs
Allergy,cough|ear_pain|hives|itching|runny_nose|slow_healing_wounds|sneezing|watery_eyes
Hypothyroidism,cold_intolerance|constipation|dry_skin|fatigue|weight_gain
Measles,eye_redness|fever|hearing_difficulty|high_fever|runny_nose|skin_rash|watery_eyes
Chronic Kidney Disease,chest_tightness|fatigue|frequent_urination|high_blood_pressure|itching|loss_of_appetite|nausea|night_sweats|sneezing|swelling_in_feet|swelling_in_legs
Mumps,facial_pain|fever|loss_of_appetite|muscle_pain|swelling_in_face
Chronic Kidney Disease,facial_pain|fatigue|muscle_cramps|nausea|swelling_in_feet|swelling_in_legs
Food Poisoning,abdominal_pain|bloating|chills|diarrhea|fever|hearing_difficulty|nausea|vomiting
Pneumonia,chest_pain|chills|cough|fatigue|fever|nausea|runny_nose|shortness_of_breath|wet_cough
Measles,cough|ear_pain|fatigue|fever|high_fever|palpitations|runny_nose|skin_rash|watery_eyes
Hepatitis B,abdominal_pain|constipation|fatigue|loss_of_appetite|nausea|weakness|yellow_eyes|yellow_skin
Anemia,cold_feet|cold_hands|dizziness|dry_cough|fast_heart_rate|fatigue|headache|weakness
Psoriasis,fatigue|itching|joint_pain|palpitations|skin_peeling|skin_rash|swelling_in_feet
Tonsillitis,bad_breath|difficulty_swallowing|ear_pain|sore_throat|swollen_tonsils
Measles,fever|high_fever|runny_nose|skin_rash|watery_eyes
Food Poisoning,abdominal_pain|cold_hands|diarrhea|fever|high_blood_pressure|nausea|night_sweats|shortness_of_breath|tremors|vomiting
Anemia,brittle_nails|cold_feet|cold_hands|dizziness|hair_loss|headache|skin_rash|stomach_pain|tremors|watery_eyes|weakness
Malaria,chills|diarrhea|headache|high_fever|nausea|sweating|vomiting|weight_loss
COVID-19,body_pain|chills|dry_cough|fatigue|fever|headache|mouth_ulcers
Mumps,facial_pain|fever|loss_of_appetite|neck_pain|pelvic_pain|swelling_in_face|wheezing
Arthritis,fatigue|joint_pain|muscle_pain|pelvic_pain|rebound_pain|swelling_in_legs
Hyperthyroidism,fast_heart_rate|heat_intolerance|mouth_ulcers|tremors|weakness|weight_loss
Heart Failure,fatigue|irregular_heartbeat|pelvic_pain|post_nasal_drip|rapid_breathing|shortness_of_breath|swelling_in_legs
Mumps,facial_pain|fever|loss_of_appetite|swelling_in_face
Peptic Ulcer,abdominal_pain|abdominal_tenderness|bloating|cold_hands|loss_of_appetite|nausea|stomach_pain|weight_loss
Conjunctivitis,eye_redness|itching|low_fever|swelling_in_face|watery_eyes
Hyperthyroidism,chills|cold_intolerance|difficulty_sleeping|fast_heart_rate|heat_intolerance|palpitations|sweating|weight_loss
Migraine,blurred_vision|dizziness|eye_pain|fatigue|headache
Food Poisoning,abdominal_pain|bloating|diarrhea|ear_discharge|stomach_pain|sweating|swollen_lymph_nodes|vomiting|weakness
Anemia,cold_feet|cold_hands|dizziness|fatigue|hearing_difficulty
Dengue,blurred_vision|headache|high_fever|joint_pain|red_spots_on_skin|skin_rash|vomiting|weakness
Peptic Ulcer,abdominal_pain|abdominal_tenderness|bloating|hair_loss|loss_of_appetite|stomach_pain|testicular_pain|vomiting|weight_loss
Hypertension,headache|high_blood_pressure|palpitations
Common Cold,blurred_vision|cough|headache|hearing_difficulty|runny_nose|sneezing|sore_throat|stuffy_nose|tingling_sensation
Measles,blurred_speech|body_pain|ear_discharge|fever|high_fever|runny_nose|skin_rash|sore_throat|watery_eyes
Gastroenteritis,abdominal_pain|bloating|diarrhea|fever|muscle_cramps|vomiting|weakness
COVID-19,body_pain|dry_cough|fatigue|fever|headache|loss_of_smell|loss_of_taste
Common Cold,cough|headache|irritability|low_fever|runny_nose|sneezing|sore_throat|stuffy_nose
Allergy,bloating|hives|itching|runny_nose|skin_rash|sneezing|watery_eyes
Measles,cough|eye_redness|fever|high_fever|mouth_ulcers|runny_nose|skin_peeling|skin_rash|watery_eyes|white_patches_in_throat
Psoriasis,dry_skin|ear_discharge|fatigue|itching|joint_pain|red_spots_on_skin|skin_peeling|skin_rash|swelling_in_legs|wet_cough
Peptic Ulcer,abdominal_pain|bloating|excessive_sleepiness|stomach_pain|weight_loss
Appendicitis,abdominal_pain|abdominal_tenderness|low_fever|rebound_pain|sneezing|vomiting
Sinusitis,facial_pain|fever|headache|high_blood_pressure|mouth_ulcers|runny_nose|sinus_pressure|stuffy_nose
Appendicitis,abdominal_pain|abdominal_tenderness|diarrhea|dry_skin|excessive_hunger|loss_of_appetite|rebound_pain
Anemia,chest_pain|dizziness|fatigue|loss_of_appetite|weakness
Otitis Media,ear_discharge|ear_pain|fever|hearing_difficulty|irritability|low_fever|pale_stool
Tonsillitis,bad_breath|difficulty_swallowing|dizziness|facial_pain|fever|gum_bleeding|irritability|muscle_cramps|sore_throat|swollen_tonsils|wheezing
Hypothyroidism,cold_intolerance|drooling|dry_skin|fatigue|sinus_pressure|weight_gain
Arthritis,blurred_vision|fatigue|joint_pain|low_fever|muscle_pain|sinus_pressure|swelling_in_legs
Dengue,body_pain|gum_bleeding|headache|high_fever|joint_pain|nausea|red_spots_on_skin|skin_rash|vomiting
Bronchitis,chest_tightness|chills|cough|dark_urine|fatigue|low_fever|shortness_of_breath|swelling_in_feet|wet_cough
Influenza,body_pain|chills|cough|fatigue|fever|headache|high_fever|muscle_pain|nausea|runny_nose|sore_throat|vomiting|weakness
Anemia,brittle_nails|burning_urination|chest_pain|cold_hands|confusion|dizziness|ear_pain|fatigue|weakness
Otitis Media,body_pain|dry_skin|ear_discharge|ear_pain|fever|hearing_difficulty|irritability
Hypothyroidism,cold_intolerance|constipation|fatigue|weight_gain|wheezing
Eczema,dry_skin|ear_discharge|itching|red_spots_on_skin|skin_peeling|skin_rash
Pneumonia,blurred_speech|chest_pain|chills|confusion|cough|fatigue|fever|low_blood_pressure|rapid_breathing|shortness_of_breath|sweating|wet_cough
Peptic Ulcer,abdominal_pain|abdominal_tenderness|bloating|stomach_pain|vomiting|weight_loss
Measles,cough|eye_pain|eye_redness|fever|high_fever|night_sweats|runny_nose|skin_rash|white_patches_in_throat
Gastroenteritis,abdominal_pain|diarrhea|fever|muscle_cramps|vomiting
Measles,bad_breath|body_pain|dry_skin|excessive_sleepiness|eye_redness|fever|heat_intolerance|high_fever|skin_rash|sore_throat
Psoriasis,body_pain|brittle_nails|dry_skin|fatigue|itching|joint_pain|skin_peeling|skin_rash
Chickenpox,blisters|excessive_hunger|fatigue|flank_pain|itching|loss_of_appetite|skin_rash|swollen_lymph_nodes
Hepatitis A,excessive_sleepiness|fatigue|loss_of_appetite|low_fever|yellow_eyes|yellow_skin
Laryngitis,difficulty_swallowing|hoarseness|low_fever|sore_throat
Laryngitis,dark_urine|flank_pain|hoarseness|low_blood_pressure|sore_throat|voice_loss
Appendicitis,abdominal_pain|abdominal_tenderness|cold_feet|cold_hands|constipation|loss_of_appetite|nausea|numbness|rebound_pain
Peptic Ulcer,abdominal_pain|bloating|chest_tightness|eye_redness|fatigue|nausea|palpitations|stomach_pain|vomiting|weight_loss
Otitis Media,ear_discharge|ear_pain|fever|hearing_difficulty|low_fever
Typhoid,abdominal_pain|bloating|body_pain|diarrhea|fever|headache|high_fever|skin_rash|weakness|yellow_eyes
Migraine,blurred_vision|eye_pain|fatigue|headache|nausea|neck_pain|vomiting
Anemia,cold_feet|cold_hands|dizziness|fast_heart_rate|fatigue|hair_loss
Peptic Ulcer,abdominal_pain|bloating|dry_cough|fatigue|nausea|pelvic_pain|rebound_pain|stomach_pain|weight_loss
Anemia,cough|dizziness|fast_heart_rate|fatigue|headache|weakness
Common Cold,cough|fatigue|headache|runny_nose|sneezing|sore_throat|stuffy_nose
Urinary Tract Infection (UTI),back_pain|burning_urination|facial_pain|frequent_urination|low_fever
Tonsillitis,bad_breath|difficulty_swallowing|sore_throat|swollen_tonsils|white_patches_in_throat
Bronchitis,anxiety|body_pain|chest_tightness|chills|cough|headache|hives|low_fever|rebound_pain|shortness_of_breath|slow_heart_rate|wet_cough
Migraine,blurred_vision|difficulty_swallowing|eye_pain|headache|nausea|pale_stool|vomiting
Chronic Kidney Disease,anxiety|fatigue|frequent_urination|high_blood_pressure|hoarseness|loss_of_appetite|memory_problems|muscle_cramps|swelling_in_feet|swelling_in_legs
Arthritis,abdominal_tenderness|facial_pain|fatigue|joint_pain|low_fever|swelling_in_legs|watery_eyes
Hyperthyroidism,anxiety|fast_heart_rate|hair_loss|heat_intolerance|muscle_pain|sweating|tremors|weight_loss
Measles,chest_pain|cough|fever|high_fever|runny_nose|skin_rash
Appendicitis,abdominal_pain|abdominal_tenderness|body_pain|rebound_pain|skin_peeling|vomiting
Anemia,confusion|dizziness|fast_heart_rate|fatigue|neck_pain|weakness
Common Cold,cough|difficulty_sleeping|dizziness|irritability|low_fever|post_nasal_drip|runny_nose|sneezing|sore_throat|weight_loss
Hypothyroidism,blood_in_urine|cold_intolerance|excessive_sleepiness|fatigue|hair_loss|low_blood_pressure|weight_gain
Appendicitis,abdominal_pain|abdominal_tenderness|chest_pain|constipation|low_fever|rebound_pain|vomiting
Arthritis,fatigue|joint_pain|swelling_in_legs|tremors|weakness
Urinary Tract Infection (UTI),burning_urination|cloudy_urine|frequent_urination|swelling_in_legs
Bronchitis,chest_tightness|cough|low_fever|sore_throat|wet_cough|wheezing
Migraine,blurred_vision|fatigue|headache|nausea|vomiting
Sinusitis,cough|facial_pain|headache|pale_stool|post_nasal_drip|runny_nose|sinus_pressure|stuffy_nose
Kidney Stones,back_pain|blood_in_urine|cold_feet|fever|flank_pain|frequent_urination|painful_urination_in_lower_abdomen|red_spots_on_skin|slow_healing_wounds|vomiting
Otitis Media,ear_discharge|ear_pain|headache|hearing_difficulty|irritability
Chronic Kidney Disease,fatigue|frequent_urination|loss_of_appetite|nausea|swelling_in_feet|swelling_in_legs|swollen_lymph_nodes
Mumps,fever|headache|muscle_pain|swelling_in_face|watery_eyes
Hypothyroidism,burning_urination|cold_intolerance|constipation|fatigue|hair_loss|hearing_difficulty|slow_heart_rate|weight_gain
Laryngitis,difficulty_swallowing|dry_cough|hoarseness|low_fever|sinus_pressure|sore_throat|voice_loss
Bronchitis,brittle_nails|chest_tightness|cough|fatigue|headache|sore_throat|wet_cough
Arthritis,fatigue|joint_pain|low_fever|muscle_pain|numbness|swelling_in_legs
Coronary Artery Disease,chest_pain|chest_tightness|palpitations|shortness_of_breath|sweating
Diabetes,blurred_vision|excessive_thirst|fatigue|frequent_urination|high_fever|pelvic_pain|weight_loss
Kidney Stones,back_pain|blood_in_urine|fever|flank_pain|frequent_urination|painful_urination_in_lower_abdomen|vomiting
Conjunctivitis,eye_redness|itching|low_fever|neck_pain|watery_eyes
Diabetes,blurred_vision|excessive_hunger|excessive_thirst|fatigue|slow_healing_wounds|tingling_sensation|weight_loss
Pneumonia,chest_pain|chills|cloudy_urine|confusion|cough|fatigue|fever|shortness_of_breath|wet_cough
Peptic Ulcer,abdominal_pain|bloating|loss_of_appetite|muscle_pain|nausea|stomach_pain|weight_loss
Otitis Media,ear_discharge|ear_pain|hearing_difficulty|tremors
Sinusitis,bad_breath|ear_pain|facial_pain|low_fever|runny_nose|sinus_pressure|stuffy_nose|testicular_pain
COVID-19,body_pain|cold_feet|dry_cough|fatigue|fever|headache|loss_of_smell|loss_of_taste|runny_nose|weight_loss
Bronchitis,bad_breath|chest_tightness|cough|fatigue|low_fever|shortness_of_breath|slow_heart_rate|wet_cough
Peptic Ulcer,abdominal_pain|bloating|fatigue|mouth_ulcers|nausea|slow_healing_wounds|stomach_pain|vomiting|weight_loss
Urinary Tract Infection (UTI),abdominal_pain|blood_in_urine|burning_urination|frequent_urination|low_fever
Influenza,body_pain|cold_intolerance|cough|difficulty_breathing|fast_heart_rate|fatigue|fever|high_fever|muscle_pain|runny_nose|sore_throat|sweating|weight_loss
Appendicitis,abdominal_pain|abdominal_tenderness|blood_in_urine|diarrhea|eye_redness|low_fever|rebound_pain
Conjunctivitis,burning_urination|chills|eye_pain|eye_redness|itching|watery_eyes
Mumps,body_pain|cold_feet|difficulty_swallowing|facial_pain|fatigue|fever|muscle_pain|swelling_in_face
Tuberculosis,body_pain|chills|cough|dark_urine|fast_heart_rate|fatigue|loss_of_appetite|night_sweats|runny_nose|weight_loss|wet_cough
Anemia,dizziness|facial_pain|fatigue|hair_loss|weakness
Gastritis,abdominal_pain|abdominal_tenderness|cold_feet|loss_of_appetite|low_blood_pressure|nausea|stomach_pain|swollen_tonsils|tremors|vomiting
Hepatitis A,cold_hands|dark_urine|fatigue|irregular_heartbeat|loss_of_appetite|nausea|sore_throat|vomiting|weight_gain|yellow_eyes|yellow_skin
Conjunctivitis,eye_redness|itching|swelling_in_face|watery_eyes
Gastritis,abdominal_pain|high_fever|loss_of_appetite|nausea|stomach_pain|vomiting|weight_loss
Influenza,body_pain|brittle_nails|cough|fatigue|fever|hair_loss|headache|high_fever|runny_nose|sweating
Allergy,cloudy_urine|itching|runny_nose|sneezing|swelling_in_face|watery_eyes
Coronary Artery Disease,chest_pain|chest_tightness|confusion|dizziness|fatigue|itching|loss_of_taste|shortness_of_breath|sweating
Kidney Stones,back_pain|blood_in_urine|flank_pain|frequent_urination|neck_stiffness|painful_urination_in_lower_abdomen|testicular_pain|vomiting
Influenza,abdominal_pain|body_pain|cough|fatigue|fever|headache|high_fever|muscle_pain|runny_nose|sinus_pressure|sore_throat|yellow_skin
Sinusitis,abdominal_pain|abdominal_tenderness|bad_breath|brittle_nails|facial_pain|post_nasal_drip|runny_nose|sinus_pressure
Peptic Ulcer,abdominal_pain|nausea|slow_healing_wounds|stomach_pain|vomiting|weight_loss
Hypothyroidism,cold_intolerance|fatigue|hair_loss|slow_heart_rate|weight_gain
Anemia,chest_pain|cold_feet|cold_hands|dizziness|fast_heart_rate|fatigue|weakness
Otitis Media,dizziness|ear_discharge|ear_pain|flank_pain|headache|irritability|runny_nose|testicular_pain
Arthritis,abdominal_pain|fatigue|joint_pain|muscle_pain|swelling_in_legs
Asthma,anxiety|chest_tightness|dry_cough|headache|shortness_of_breath|voice_loss|wheezing
Hepatitis A,constipation|dark_urine|ear_pain|fatigue|loss_of_appetite|nausea|painful_urination_in_lower_abdomen|vomiting|yellow_eyes|yellow_skin
Influenza,body_pain|chills|cough|fatigue|fever|headache|high_fever|muscle_pain|runny_nose|weakness
Typhoid,abdominal_pain|confusion|constipation|fever|headache|high_fever|weakness
Tonsillitis,difficulty_swallowing|fever|headache|sore_throat|swelling_in_face|swollen_lymph_nodes|swollen_tonsils
Heart Failure,cold_feet|fatigue|palpitations|shortness_of_breath|swelling_in_face|swelling_in_legs
Pneumonia,chest_pain|chills|cough|fever|nausea|swelling_in_feet|wet_cough
Hepatitis B,abdominal_pain|fatigue|loss_of_appetite|pale_stool|weakness|yellow_eyes|yellow_skin
Urinary Tract Infection (UTI),abdominal_pain|blood_in_urine|burning_urination|cloudy_urine|difficulty_sleeping|frequent_urination|pelvic_pain|runny_nose|swelling_in_face
Tonsillitis,fever|hoarseness|low_blood_pressure|sore_throat|swollen_tonsils|vomiting|white_patches_in_throat
Kidney Stones,blood_in_urine|flank_pain|hearing_difficulty|itching|nausea|pale_stool|vomiting
Urinary Tract Infection (UTI),abdominal_pain|burning_urination|cloudy_urine|excessive_sleepiness|frequent_urination|pelvic_pain|stuffy_nose
Dengue,body_pain|frequent_urination|headache|high_fever|joint_pain|vomiting|weakness
Tuberculosis,chest_pain|cough|drooling|fatigue|low_fever|night_sweats|weakness|weight_loss|wet_cough
Pneumonia,chills|confusion|cough|fever|nausea|rapid_breathing|shortness_of_breath|wet_cough
Laryngitis,dry_cough|hoarseness|irregular_heartbeat|sore_throat|voice_loss
Hepatitis B,abdominal_pain|dark_urine|fatigue|frequent_infections|hives|joint_pain|loss_of_appetite|muscle_pain|pale_stool|weakness|yellow_eyes|yellow_skin
Hepatitis A,dry_skin|fatigue|nausea|vomiting|yellow_eyes|yellow_skin
Bronchitis,anxiety|chest_tightness|cough|fatigue|low_fever|muscle_cramps|sore_throat|wet_cough|wheezing
Bronchitis,chest_tightness|cough|ear_discharge|loss_of_smell|vomiting|wet_cough|wheezing
Coronary Artery Disease,chest_pain|chest_tightness|frequent_urination|nausea|palpitations|shortness_of_breath|sweating
Sinusitis,eye_redness|facial_pain|headache|post_nasal_drip|sinus_pressure|stuffy_nose
Influenza,body_pain|dry_cough|fatigue|high_fever|muscle_pain|sweating|vomiting
Asthma,chest_tightness|difficulty_sleeping|shortness_of_breath|sneezing|wet_cough|wheezing
Hepatitis A,body_pain|fatigue|loss_of_appetite|nausea|swollen_tonsils|yellow_eyes|yellow_skin
Peptic Ulcer,bloating|loss_of_appetite|stomach_pain|weight_loss
Tuberculosis,chest_pain|cough|hoarseness|itching|loss_of_appetite|night_sweats|pelvic_pain|weakness|weight_loss|wet_cough
Urinary Tract Infection (UTI),abdominal_pain|burning_urination|cloudy_urine|frequent_urination|loss_of_taste|pelvic_pain|swelling_in_feet
Kidney Stones,back_pain|blood_in_urine|flank_pain|frequent_urination|painful_urination_in_lower_abdomen|vomiting
Hypothyroidism,cold_intolerance|constipation|fatigue|hair_loss|memory_problems|rapid_breathing|weight_gain
Coronary Artery Disease,chest_pain|chest_tightness|eye_pain|fatigue|nausea|rapid_breathing|shortness_of_breath|sweating
Allergy,high_fever|itching|runny_nose|skin_rash|sneezing|stuffy_nose|watery_eyes
Diabetes,excessive_hunger|excessive_thirst|fatigue|frequent_urination|numbness|weight_loss
Heart Failure,difficulty_sleeping|dry_skin|fatigue|irregular_heartbeat|rapid_breathing|shortness_of_breath
Hepatitis B,dark_urine|fatigue|joint_pain|loss_of_appetite|pale_stool|yellow_eyes|yellow_skin
Diabetes,blurred_vision|excessive_hunger|excessive_thirst|fatigue|frequent_urination|weight_loss
Hyperthyroidism,abdominal_tenderness|anxiety|fast_heart_rate|heat_intolerance|hives|palpitations|sweating|watery_eyes|weight_loss
Urinary Tract Infection (UTI),abdominal_pain|burning_urination|cloudy_urine|facial_pain|frequent_urination|heat_intolerance|low_fever|tingling_sensation|yellow_skin
Laryngitis,dry_cough|hoarseness|low_fever|sore_throat|voice_loss
Psoriasis,dark_urine|ear_pain|fatigue|itching|joint_pain|red_spots_on_skin|skin_peeling|skin_rash|tremors
Gastroenteritis,abdominal_pain|bloating|chills|cold_feet|diarrhea|muscle_cramps|nausea|vomiting
Tonsillitis,bad_breath|difficulty_breathing|difficulty_swallowing|sore_throat|swollen_lymph_nodes|swollen_tonsils|white_patches_in_throat
Appendicitis,abdominal_pain|abdominal_tenderness|rebound_pain|sore_throat|weight_loss
Hepatitis A,dark_urine|fatigue|low_fever|yellow_eyes|yellow_skin
Tonsillitis,bad_breath|difficulty_swallowing|ear_pain|red_spots_on_skin|runny_nose|sore_throat|swollen_tonsils|white_patches_in_throat
Bronchitis,chest_tightness|cough|dry_cough|fatigue|frequent_infections|headache|loss_of_taste|low_fever|shortness_of_breath|sweating|wet_cough
Coronary Artery Disease,chest_pain|chest_tightness|cold_intolerance|fatigue|palpitations|shortness_of_breath|sweating
Gastritis,abdominal_pain|difficulty_swallowing|nausea|stomach_pain|vomiting
Bronchitis,body_pain|chest_tightness|cough|flank_pain|hoarseness|low_fever|sore_throat|wet_cough|wheezing
Measles,body_pain|diarrhea|fever|hearing_difficulty|high_fever|sinus_pressure|skin_rash|watery_eyes
Tonsillitis,bad_breath|difficulty_swallowing|dry_skin|fever|post_nasal_drip|red_spots_on_skin|sore_throat|swollen_tonsils
Appendicitis,abdominal_pain|abdominal_tenderness|anxiety|low_fever|rebound_pain
Pneumonia,cloudy_urine|confusion|cough|fatigue|fever|rapid_breathing|shortness_of_breath|wet_cough
Common Cold,cough|runny_nose|sneezing|sore_throat|stuffy_nose
Coronary Artery Disease,chest_pain|chest_tightness|difficulty_breathing|dizziness|excessive_hunger|eye_redness|numbness|palpitations|shortness_of_breath|tingling_sensation|weakness|yellow_skin
Urinary Tract Infection (UTI),back_pain|burning_urination|frequent_urination|vomiting|wheezing
Hyperthyroidism,fast_heart_rate|heat_intolerance|palpitations|weight_loss
Diabetes,back_pain|excessive_hunger|excessive_thirst|fatigue|frequent_infections|frequent_urination|neck_pain|slow_healing_wounds|tingling_sensation
Kidney Stones,back_pain|blood_in_urine|drooling|flank_pain|frequent_urination|joint_pain|nausea|painful_urination_in_lower_abdomen|vomiting
Mumps,burning_urination|cold_hands|facial_pain|fatigue|fever|headache|loss_of_appetite|swelling_in_face
Chronic Kidney Disease,dark_urine|fatigue|frequent_urination|high_blood_pressure|itching|post_nasal_drip|swelling_in_feet|swelling_in_legs|swollen_tonsils|weakness
Food Poisoning,abdominal_pain|bloating|diarrhea|nausea|vomiting|weakness
COVID-19,body_pain|diarrhea|dry_cough|fatigue|fever|headache|slow_heart_rate|stuffy_nose|yellow_eyes
Chronic Kidney Disease,back_pain|confusion|constipation|fatigue|frequent_urination|muscle_cramps|nausea|swelling_in_feet|swelling_in_legs
Migraine,blurred_vision|dizziness|fatigue|headache|irritability|nausea|tremors|vomiting|watery_eyes
Malaria,chills|fatigue|high_fever|nausea|sweating|vomiting|weight_gain
Influenza,body_pain|chills|cough|fatigue|fever|headache|high_fever|nausea|runny_nose|sore_throat|sweating|weight_loss
Diabetes,excessive_thirst|fatigue|frequent_urination|numbness|tingling_sensation
Migraine,blurred_vision|dizziness|eye_pain|fatigue|headache|joint_pain|mouth_ulcers|slow_heart_rate
Bronchitis,anxiety|chest_tightness|cough|ear_discharge|fatigue|shortness_of_breath|sore_throat|wet_cough
Diabetes,blurred_vision|excessive_thirst|fatigue|frequent_infections|frequent_urination|memory_problems
Pneumonia,chest_pain|chills|cough|eye_redness|fatigue|fever|high_fever|rapid_breathing|shortness_of_breath|stomach_pain
COVID-19,body_pain|confusion|dry_cough|fatigue|fever|gum_bleeding|headache|hearing_difficulty|itching|loss_of_taste|sore_throat|watery_eyes
COVID-19,body_pain|fatigue|fever|loss_of_smell|loss_of_taste|nausea
Measles,cough|eye_redness|fever|high_fever|sinus_pressure|skin_rash|watery_eyes
Pneumonia,confusion|cough|fever|hair_loss|high_fever|nausea|rapid_breathing|shortness_of_breath|wet_cough
Pneumonia,chest_pain|cold_hands|cough|fever|rapid_breathing|shortness_of_breath|wet_cough
Anemia,blurred_speech|cold_hands|dizziness|ear_discharge|fast_heart_rate|fatigue|hair_loss|testicular_pain|weakness
Hepatitis A,fatigue|night_sweats|pale_stool|yellow_eyes|yellow_skin
Urinary Tract Infection (UTI),abdominal_pain|anxiety|back_pain|brittle_nails|burning_urination|frequent_urination|pelvic_pain
Peptic Ulcer,abdominal_pain|bloating|chest_pain|nausea|stomach_pain
Food Poisoning,abdominal_pain|chest_pain|chills|diarrhea|fever|nausea|vomiting|weakness
Eczema,blisters|burning_urination|cold_hands|dry_skin|frequent_infections|itching|loss_of_appetite|skin_peeling|skin_rash
Anemia,cloudy_urine|cold_hands|dizziness|fast_heart_rate|fatigue|palpitations|weakness
Chickenpox,blisters|itching|loss_of_appetite|skin_rash|wheezing
Arthritis,fast_heart_rate|joint_pain|skin_rash|swelling_in_legs
Gastritis,abdominal_pain|bloating|chest_tightness|loss_of_appetite|nausea|stomach_pain|weight_loss
Mumps,confusion|facial_pain|fever|headache|neck_pain|painful_urination_in_lower_abdomen|swelling_in_face
Mumps,cold_feet|facial_pain|fever|headache|muscle_pain|swelling_in_face
Food Poisoning,abdominal_pain|blisters|bloating|diarrhea|eye_redness|fever|headache|nausea|stomach_pain|vomiting|weakness
Tuberculosis,blurred_vision|chills|cough|fatigue|loss_of_appetite|low_fever|night_sweats|weakness|weight_loss|wet_cough
Chronic Kidney Disease,cold_feet|fatigue|high_blood_pressure|nausea|swelling_in_feet|swelling_in_legs
Tonsillitis,difficulty_swallowing|fever|sore_throat|swollen_tonsils|white_patches_in_throat
Otitis Media,ear_discharge|ear_pain|headache|hearing_difficulty|irritability|stuffy_nose
Otitis Media,dizziness|ear_discharge|ear_pain|fever|hearing_difficulty|irritability|low_fever
Malaria,chills|headache|high_fever|muscle_pain|nausea|sweating
Sinusitis,cough|facial_pain|gum_bleeding|hair_loss|headache|memory_problems|runny_nose|sinus_pressure|stuffy_nose
Typhoid,abdominal_pain|blurred_speech|constipation|diarrhea|fever|headache|loss_of_appetite|low_blood_pressure|slow_healing_wounds|weakness
Allergy,constipation|fever|hives|itching|runny_nose|shortness_of_breath|skin_rash|sneezing|stomach_pain|stuffy_nose|watery_eyes
Gastroenteritis,abdominal_pain|bloating|diarrhea|fever|runny_nose|sinus_pressure|vomiting
Heart Failure,cloudy_urine|fatigue|palpitations|rapid_breathing|shortness_of_breath|swelling_in_feet|swelling_in_legs
Hypertension,chest_pain|dizziness|fatigue|headache|high_blood_pressure|palpitations
Tonsillitis,difficulty_swallowing|headache|sore_throat|swollen_tonsils|white_patches_in_throat|yellow_skin
Gastroenteritis,abdominal_pain|diarrhea|muscle_pain|nausea|vomiting
Kidney Stones,back_pain|blood_in_urine|flank_pain|frequent_urination|nausea|painful_urination_in_lower_abdomen|tremors|vomiting
Hepatitis B,abdominal_pain|dark_urine|fatigue|joint_pain|nausea|skin_rash|stomach_pain|yellow_eyes|yellow_skin
Otitis Media,ear_discharge|ear_pain|excessive_thirst|fever|headache|hearing_difficulty|high_blood_pressure|irritability|low_fever
Chickenpox,blisters|fatigue|itching|rapid_breathing|skin_rash
Eczema,dry_skin|itching|loss_of_taste|night_sweats|red_spots_on_skin|skin_peeling|skin_rash
Common Cold,cold_feet|excessive_thirst|fatigue|low_fever|runny_nose|sneezing|sore_throat|watery_eyes
Kidney Stones,back_pain|blood_in_urine|chest_tightness|cloudy_urine|fast_heart_rate|flank_pain|nausea|testicular_pain
Psoriasis,abdominal_pain|dry_cough|dry_skin|itching|joint_pain|skin_rash
Chickenpox,blisters|body_pain|fatigue|fever|itching|loss_of_appetite|skin_rash
Migraine,blisters|blurred_vision|cough|eye_pain|fatigue|headache|nausea|weakness
Migraine,blurred_vision|difficulty_sleeping|fatigue|headache|heat_intolerance|numbness|swollen_lymph_nodes|vomiting
Conjunctivitis,blurred_vision|eye_pain|eye_redness|itching|night_sweats|watery_eyes
Influenza,body_pain|chills|cough|diarrhea|fatigue|fever|frequent_infections|headache|high_fever|muscle_pain|runny_nose|sweating|tingling_sensation|vomiting|weakness|wheezing
Tonsillitis,difficulty_swallowing|ear_pain|headache|sore_throat|swollen_tonsils|white_patches_in_throat
Urinary Tract Infection (UTI),abdominal_pain|burning_urination|frequent_urination|low_fever|pelvic_pain|sneezing|swollen_lymph_nodes
Conjunctivitis,excessive_hunger|eye_pain|itching|low_fever|watery_eyes
Hypothyroidism,brittle_nails|cold_intolerance|dry_skin|excessive_sleepiness|fatigue|hair_loss|hoarseness|sore_throat|weight_gain
Gastroenteritis,abdominal_pain|chills|diarrhea|fever|nausea|slow_heart_rate|sweating|vomiting|weakness
Conjunctivitis,blurred_vision|dizziness|excessive_hunger|eye_redness|irritability|itching|swelling_in_face|watery_eyes
Hepatitis B,abdominal_pain|cough|fatigue|loss_of_appetite|low_fever|yellow_eyes|yellow_skin
Common Cold,fatigue|headache|low_fever|runny_nose|sore_throat
Heart Failure,fatigue|irregular_heartbeat|palpitations|shortness_of_breath|sweating|swelling_in_legs|weight_gain
Gastritis,abdominal_pain|abdominal_tenderness|dark_urine|loss_of_appetite|muscle_pain|nausea|stomach_pain|swelling_in_face
Pneumonia,chills|cough|fatigue|fever|heat_intolerance|high_blood_pressure|rapid_breathing|wet_cough
Eczema,difficulty_swallowing|dry_skin|excessive_hunger|itching|skin_rash
Gastritis,abdominal_pain|abdominal_tenderness|bloating|chills|constipation|loss_of_appetite|nausea|rapid_breathing|sinus_pressure|stomach_pain|vomiting|weight_loss
Hepatitis A,fatigue|nausea|yellow_eyes|yellow_skin
Kidney Stones,back_pain|blood_in_urine|fever|flank_pain|low_fever|painful_urination_in_lower_abdomen|stuffy_nose|vomiting
Tuberculosis,constipation|cough|hearing_difficulty|loss_of_appetite|night_sweats|slow_healing_wounds|weakness|weight_loss|wet_cough
Migraine,blurred_vision|difficulty_sleeping|dizziness|eye_pain|fatigue|headache|vomiting|weakness
Influenza,body_pain|chills|confusion|cough|ear_discharge|fatigue|fever|headache|high_fever|muscle_pain|runny_nose|sore_throat
Gastritis,abdominal_pain|abdominal_tenderness|blisters|blood_in_urine|chest_tightness|dry_cough|fatigue|nausea|stomach_pain|vomiting|weight_loss
Chickenpox,blisters|itching|loss_of_appetite|skin_rash
Laryngitis,difficulty_swallowing|dry_cough|hoarseness|sinus_pressure|sore_throat|voice_loss
Dengue,anxiety|body_pain|eye_pain|headache|high_fever|joint_pain|nausea|skin_rash|vomiting
Coronary Artery Disease,chest_pain|chest_tightness|confusion|dizziness|palpitations|shortness_of_breath|tremors
Typhoid,abdominal_pain|constipation|high_fever|nausea|weakness
Urinary Tract Infection (UTI),back_pain|burning_urination|excessive_hunger|frequent_urination|pelvic_pain|rapid_breathing|voice_loss
Arthritis,excessive_sleepiness|fatigue|joint_pain|muscle_pain|neck_stiffness|swelling_in_legs
Asthma,chest_tightness|cough|difficulty_breathing|difficulty_sleeping|dry_cough|shortness_of_breath|wheezing
Influenza,body_pain|cough|fatigue|fever|hair_loss|headache|high_fever|runny_nose|sore_throat|sweating|weakness
Urinary Tract Infection (UTI),back_pain|burning_urination|cloudy_urine|frequent_urination|low_fever|pelvic_pain
Bronchitis,chest_tightness|cough|hoarseness|low_fever|shortness_of_breath|wet_cough|wheezing
Diabetes,excessive_hunger|excessive_thirst|fatigue|frequent_infections|frequent_urination|hoarseness|slow_healing_wounds|tingling_sensation|weight_gain
Arthritis,joint_pain|muscle_pain|neck_stiffness|swelling_in_legs
Otitis Media,ear_discharge|ear_pain|hearing_difficulty|irritability|watery_eyes
COVID-19,body_pain|diarrhea|dry_cough|fatigue|fever|headache|loss_of_smell|loss_of_taste|sore_throat|wheezing
Gastritis,abdominal_pain|bloating|nausea|stomach_pain|vomiting
Hepatitis A,cold_hands|dark_urine|fatigue|nausea|yellow_eyes|yellow_skin
Heart Failure,anxiety|cold_hands|fatigue|night_sweats|rapid_breathing|shortness_of_breath|swelling_in_feet|swelling_in_legs
Anemia,cold_feet|cold_hands|difficulty_swallowing|dizziness|fast_heart_rate|fatigue|watery_eyes|weakness
Malaria,abdominal_pain|chest_pain|chills|constipation|eye_redness|fatigue|high_fever|hoarseness|muscle_pain|nausea|sweating
Tuberculosis,chills|cough|difficulty_swallowing|fast_heart_rate|fatigue|irritability|loss_of_appetite|low_fever|night_sweats|rebound_pain|weakness|weight_loss|wet_cough
Kidney Stones,abdominal_tenderness|back_pain|blood_in_urine|flank_pain|irritability|muscle_pain|nausea|painful_urination_in_lower_abdomen|vomiting
Conjunctivitis,blurred_vision|itching|mouth_ulcers|neck_pain|swelling_in_face|watery_eyes|weakness
Food Poisoning,abdominal_pain|diarrhea|headache|nausea|vomiting
Coronary Artery Disease,chest_pain|chest_tightness|fatigue|palpitations
Malaria,abdominal_pain|chills|gum_bleeding|high_fever|nausea|sweating|vomiting
Conjunctivitis,blurred_vision|eye_pain|eye_redness|itching|pelvic_pain|runny_nose|watery_eyes|yellow_skin
Common Cold,difficulty_swallowing|fatigue|low_fever|runny_nose|sneezing|sore_throat
Tonsillitis,bad_breath|blurred_vision|difficulty_swallowing|night_sweats|sore_throat|swollen_tonsils|white_patches_in_throat
Laryngitis,difficulty_swallowing|dry_cough|ear_discharge|hoarseness|low_fever|sore_throat|voice_loss
Food Poisoning,abdominal_pain|diarrhea|fever|nausea|runny_nose|stomach_pain|vomiting|weakness
Hypertension,chest_pain|dizziness|facial_pain|headache|high_blood_pressure|palpitations
Diabetes,blurred_vision|excessive_hunger|excessive_thirst|fatigue|frequent_urination|red_spots_on_skin|slow_healing_wounds
Food Poisoning,bloating|diarrhea|nausea|stomach_pain|vomiting
Laryngitis,hoarseness|low_fever|muscle_cramps|palpitations|swollen_tonsils|voice_loss
Arthritis,blurred_speech|fatigue|joint_pain|low_fever|muscle_pain|skin_rash|swelling_in_legs|weakness|yellow_skin
COVID-19,dry_cough|fatigue|fever|loss_of_smell|loss_of_taste|sore_throat|tingling_sensation
Asthma,chest_tightness|cough|dry_cough|shortness_of_breath|swelling_in_feet|weakness|wheezing
Asthma,chest_tightness|difficulty_breathing|dry_cough|shortness_of_breath|swelling_in_feet|wheezing|yellow_eyes
Gastritis,abdominal_pain|irregular_heartbeat|loss_of_appetite|nausea|stomach_pain|swelling_in_feet|vomiting
Tonsillitis,bad_breath|difficulty_swallowing|loss_of_taste|skin_rash|sore_throat|swollen_tonsils
Hyperthyroidism,ear_discharge|excessive_hunger|fast_heart_rate|heat_intolerance|palpitations|sweating|weight_loss
COVID-19,dry_cough|fatigue|fever|loss_of_taste|low_blood_pressure|nausea|shortness_of_breath|sore_throat
Coronary Artery Disease,chest_pain|chest_tightness|dizziness|drooling|palpitations|shortness_of_breath
Arthritis,fatigue|joint_pain|muscle_pain|swelling_in_legs|weakness
Measles,body_pain|eye_redness|fever|high_fever|low_fever|runny_nose|skin_rash
Heart Failure,drooling|fatigue|nausea|pale_stool|palpitations|shortness_of_breath|swelling_in_face|swelling_in_legs
Hepatitis B,chest_tightness|cloudy_urine|cold_intolerance|fatigue|itching|joint_pain|loss_of_appetite|nausea|weakness|yellow_eyes|yellow_skin
Influenza,body_pain|cough|diarrhea|dry_skin|ear_discharge|fatigue|fever|headache|high_fever|muscle_pain|nausea
Heart Failure,abdominal_tenderness|dark_urine|fatigue|heat_intolerance|hives|irregular_heartbeat|palpitations|shortness_of_breath|swelling_in_legs
Heart Failure,fatigue|hearing_difficulty|palpitations|shortness_of_breath|skin_peeling|swelling_in_feet|swelling_in_legs
Appendicitis,abdominal_pain|abdominal_tenderness|diarrhea|rebound_pain|voice_loss|vomiting
Otitis Media,ear_discharge|ear_pain
Hypertension,dizziness|fatigue|headache|high_blood_pressure|irregular_heartbeat
Eczema,dry_skin|itching|skin_rash|swelling_in_face
Diabetes,blurred_vision|excessive_hunger|excessive_thirst|fatigue|frequent_urination|slow_healing_wounds
Coronary Artery Disease,chest_pain|chest_tightness|dark_urine|diarrhea|eye_redness|fatigue|hearing_difficulty|shortness_of_breath|sweating
Measles,anxiety|bad_breath|bloating|cough|eye_redness|fever|high_fever|hives|skin_rash|sore_throat|watery_eyes
Malaria,back_pain|chills|difficulty_sleeping|fatigue|high_fever|muscle_pain|nausea|painful_urination_in_lower_abdomen|rapid_breathing|sweating
Hyperthyroidism,excessive_hunger|fast_heart_rate|hair_loss|heat_intolerance|palpitations|swelling_in_face|weight_loss
Psoriasis,dry_skin|itching|red_spots_on_skin|skin_peeling|skin_rash|slow_heart_rate|swelling_in_face|tremors
Appendicitis,abdominal_pain|abdominal_tenderness|facial_pain|hoarseness|rebound_pain|skin_peeling|tremors
Arthritis,cold_hands|joint_pain|muscle_pain|neck_stiffness|swelling_in_legs|voice_loss|weight_gain|weight_loss
Typhoid,abdominal_pain|cloudy_urine|confusion|constipation|fever|headache|high_fever|loss_of_appetite|sinus_pressure|skin_rash|weakness
Allergy,back_pain|body_pain|hives|itching|runny_nose|sneezing|watery_eyes
Gastroenteritis,abdominal_pain|bloating|confusion|diarrhea|difficulty_breathing|vomiting|weakness
Hyperthyroidism,anxiety|cough|fast_heart_rate|heat_intolerance|high_fever|tremors|weight_loss
Peptic Ulcer,abdominal_pain|bloating|constipation|dizziness|fatigue|heat_intolerance|irregular_heartbeat|loss_of_appetite|nausea|rebound_pain|stomach_pain|vomiting|weight_loss
Dengue,body_pain|ear_discharge|eye_redness|gum_bleeding|headache|high_fever|joint_pain|nausea|neck_pain|red_spots_on_skin|skin_rash|weight_loss
Appendicitis,abdominal_pain|abdominal_tenderness|blurred_speech|neck_pain|rebound_pain|vomiting
Allergy,chest_pain|itching|runny_nose|skin_rash|sneezing|watery_eyes
Diabetes,blurred_vision|dry_skin|excessive_hunger|excessive_thirst|fatigue|frequent_infections|frequent_urination|slow_healing_wounds
Conjunctivitis,eye_pain|eye_redness|frequent_urination|high_fever|itching|swelling_in_face|watery_eyes
Hypothyroidism,brittle_nails|cold_intolerance|constipation|dry_skin|fatigue|weight_gain
Malaria,chills|headache|high_fever|muscle_pain|sweating|vomiting
Chickenpox,blisters|fever|frequent_infections|itching|loss_of_appetite|skin_rash
Psoriasis,dry_skin|fatigue|itching|painful_urination_in_lower_abdomen|red_spots_on_skin|skin_peeling|skin_rash
Gastroenteritis,abdominal_pain|cold_feet|diarrhea|fever|loss_of_smell|sinus_pressure|skin_peeling|vomiting|weakness
Urinary Tract Infection (UTI),abdominal_pain|burning_urination|cloudy_urine|frequent_urination|mouth_ulcers|pelvic_pain|swelling_in_face
Diabetes,blurred_speech|blurred_vision|excessive_thirst|fatigue|frequent_infections|frequent_urination
Chickenpox,blisters|body_pain|fatigue|high_fever|itching|red_spots_on_skin|skin_peeling|skin_rash|swelling_in_feet|swollen_lymph_nodes
Asthma,chest_tightness|difficulty_sleeping|dry_cough|rapid_breathing|shortness_of_breath|wheezing
Arthritis,blurred_vision|joint_pain|low_fever|neck_stiffness|runny_nose|swelling_in_legs|weakness
Diabetes,blurred_vision|excessive_thirst|fatigue|fever|frequent_urination|numbness|stuffy_nose|swollen_lymph_nodes|tingling_sensation|weight_loss
Malaria,chills|confusion|fatigue|high_fever|sweating|vomiting
Tuberculosis,blood_in_urine|cough|drooling|low_fever|night_sweats|weight_loss|wet_cough
Anemia,cold_hands|fast_heart_rate|fatigue|headache|mouth_ulcers|weakness
Allergy,blurred_speech|headache|hives|itching|runny_nose|skin_rash|stuffy_nose|swelling_in_face|watery_eyes
Gastritis,abdominal_pain|hair_loss|nausea|stomach_pain|sweating|vomiting
Migraine,blurred_vision|dizziness|eye_pain|headache|irritability|nausea
Gastritis,abdominal_pain|difficulty_swallowing|fatigue|loss_of_appetite|nausea|stomach_pain|tingling_sensation|vomiting
Coronary Artery Disease,chest_pain|chest_tightness|dizziness|fatigue|shortness_of_breath|sweating|swollen_tonsils|yellow_eyes
Psoriasis,cloudy_urine|dry_skin|frequent_urination|itching|joint_pain|skin_peeling|skin_rash
Mumps,facial_pain|fever|loss_of_appetite|neck_stiffness|swelling_in_face
Hypothyroidism,cold_intolerance|fatigue|hair_loss|memory_problems|swelling_in_face|weight_gain
Peptic Ulcer,abdominal_pain|abdominal_tenderness|bloating|dizziness|loss_of_taste|nausea|stomach_pain
Gastroenteritis,abdominal_pain|diarrhea|muscle_cramps|nausea|neck_stiffness|sweating|vomiting|weakness
Migraine,back_pain|blurred_vision|dizziness|fatigue|headache|irritability|pelvic_pain|vomiting
Sinusitis,body_pain|facial_pain|itching|night_sweats|sinus_pressure|stuffy_nose|swelling_in_legs
Chickenpox,blisters|fatigue|fever|headache|itching|loss_of_appetite|skin_rash
Migraine,blurred_vision|headache|nausea|vomiting|weight_loss
Sinusitis,excessive_sleepiness|facial_pain|pale_stool|post_nasal_drip|sinus_pressure|stuffy_nose|weakness
Urinary Tract Infection (UTI),abdominal_pain|burning_urination|frequent_urination|low_fever
Tonsillitis,difficulty_swallowing|fever|headache|sore_throat|swollen_tonsils|white_patches_in_throat
Eczema,dry_skin|hoarseness|itching|skin_rash
Food Poisoning,abdominal_pain|chills|diarrhea|excessive_hunger|fever|frequent_urination|headache|hives|nausea|stomach_pain|vomiting|weakness
Otitis Media,blurred_speech|ear_discharge|ear_pain|headache|hearing_difficulty|irritability
Gastritis,abdominal_pain|loss_of_appetite|nausea|pale_stool|stomach_pain|swollen_lymph_nodes|vomiting
Arthritis,eye_pain|fatigue|joint_pain|muscle_pain|neck_stiffness|swelling_in_legs
Kidney Stones,back_pain|blood_in_urine|cloudy_urine|flank_pain|painful_urination_in_lower_abdomen|yellow_eyes
Allergy,hives|itching|runny_nose|skin_rash|sneezing
Peptic Ulcer,abdominal_pain|bloating|cold_feet|nausea|stomach_pain|tremors|weight_loss
Hyperthyroidism,fast_heart_rate|heat_intolerance|palpitations|sweating|tremors|weight_loss
Hypothyroidism,bad_breath|cold_intolerance|dry_skin|fatigue|hair_loss|loss_of_appetite|red_spots_on_skin|slow_heart_rate|sore_throat|weight_gain
Common Cold,difficulty_breathing|headache|low_fever|runny_nose|sneezing|sore_throat
Appendicitis,abdominal_pain|abdominal_tenderness|loss_of_appetite|rebound_pain|vomiting
Gastroenteritis,abdominal_pain|abdominal_tenderness|diarrhea|muscle_cramps|nausea|vomiting|weakness
Hypertension,blurred_vision|chest_pain|dizziness|hair_loss|headache|high_blood_pressure|neck_pain|palpitations
Laryngitis,difficulty_swallowing|dry_cough|hoarseness|sore_throat|voice_loss|yellow_skin
Urinary Tract Infection (UTI),blood_in_urine|burning_urination|chest_pain|chills|cloudy_urine|frequent_urination|low_fever|neck_stiffness|pelvic_pain
Gastritis,abdominal_pain|bloating|fast_heart_rate|gum_bleeding|loss_of_appetite|loss_of_taste|nausea|stomach_pain|tingling_sensation
Malaria,abdominal_pain|chills|diarrhea|fast_heart_rate|fatigue|high_fever|sweating|vomiting
Gastritis,abdominal_pain|abdominal_tenderness|bad_breath|bloating|loss_of_appetite|nausea|skin_rash|stomach_pain|swelling_in_feet
Chickenpox,blisters|fatigue|fever|headache|itching|skin_rash|weight_gain
Bronchitis,back_pain|chest_tightness|cloudy_urine|cough|fatigue|headache|low_fever|sore_throat|wet_cough
Hypertension,dizziness|fatigue|gum_bleeding|headache|high_blood_pressure|loss_of_appetite|palpitations
Eczema,blisters|dry_skin|itching|skin_peeling|skin_rash|voice_loss
Peptic Ulcer,abdominal_pain|bloating|chills|stomach_pain|vomiting|weight_loss
Coronary Artery Disease,bloating|chest_pain|chest_tightness|cold_hands|excessive_hunger|fatigue|shortness_of_breath|slow_heart_rate|sweating|wheezing
Gastritis,abdominal_pain|bloating|dizziness|drooling|nausea|stomach_pain|vomiting|weight_loss
Hepatitis B,difficulty_breathing|dry_skin|fatigue|loss_of_appetite|yellow_eyes|yellow_skin
Hypothyroidism,cold_intolerance|dry_skin|fatigue|hair_loss|slow_heart_rate|weight_gain
Mumps,drooling|facial_pain|fever|headache|loss_of_appetite|muscle_pain|swelling_in_face
Common Cold,cough|headache|low_fever|muscle_cramps|runny_nose|sneezing|sore_throat|stomach_pain|stuffy_nose
COVID-19,body_pain|dry_cough|fatigue|fever|loss_of_taste|sneezing|sore_throat
Laryngitis,difficulty_swallowing|dry_cough|ear_pain|excessive_hunger|hoarseness|itching|loss_of_appetite|low_fever|painful_urination_in_lower_abdomen|sinus_pressure|sore_throat|voice_loss
Malaria,bloating|chills|cloudy_urine|dry_cough|fatigue|headache|high_fever|nausea|sweating|vomiting
Coronary Artery Disease,chest_pain|chest_tightness|hair_loss|mouth_ulcers|numbness|shortness_of_breath|sweating
Malaria,chills|cold_intolerance|fatigue|high_fever|nausea|sore_throat|sweating|vomiting
Appendicitis,abdominal_pain|abdominal_tenderness|diarrhea|rebound_pain|vomiting
Influenza,body_pain|cough|eye_redness|fatigue|fever|headache|high_fever|muscle_pain|runny_nose|stuffy_nose|vomiting|weakness|weight_gain
Bronchitis,chest_tightness|cough|dark_urine|hoarseness|shortness_of_breath|wet_cough
Psoriasis,brittle_nails|dry_skin|fatigue|itching|joint_pain|numbness|red_spots_on_skin|skin_peeling|skin_rash
Influenza,body_pain|chills|cough|fatigue|headache|high_fever|sore_throat
Laryngitis,hoarseness|low_fever|sore_throat|voice_loss
Allergy,cough|hives|itching|low_blood_pressure|memory_problems|painful_urination_in_lower_abdomen|runny_nose|shortness_of_breath|sneezing
Migraine,blurred_vision|difficulty_sleeping|dizziness|fatigue|headache|nausea|vomiting
Chronic Kidney Disease,fatigue|frequent_urination|high_blood_pressure|loss_of_appetite|swelling_in_feet
Common Cold,cough|headache|low_fever|runny_nose|sneezing|sore_throat|watery_eyes
Common Cold,cough|fatigue|frequent_infections|headache|runny_nose|sneezing|sore_throat
Arthritis,brittle_nails|joint_pain|swelling_in_legs
Laryngitis,dry_cough|hoarseness|sinus_pressure|sore_throat|voice_loss
Arthritis,blood_in_urine|joint_pain|low_fever|skin_rash|stomach_pain|swelling_in_legs|swollen_lymph_nodes|white_patches_in_throat
Coronary Artery Disease,chest_pain|chest_tightness|dark_urine|palpitations|shortness_of_breath
Allergy,body_pain|hives|itching|runny_nose|sneezing|stuffy_nose|swelling_in_face|watery_eyes
Conjunctivitis,blurred_speech|ear_pain|eye_pain|eye_redness|itching|low_fever|swelling_in_face|watery_eyes
Pneumonia,chest_pain|chills|fatigue|fever|loss_of_appetite|nausea|shortness_of_breath|wet_cough
Allergy,abdominal_tenderness|cough|hives|red_spots_on_skin|runny_nose|sneezing|stuffy_nose|swelling_in_face
Urinary Tract Infection (UTI),burning_urination|cloudy_urine|frequent_urination|low_fever|pelvic_pain|weakness
Diabetes,excessive_hunger|excessive_thirst|fatigue|frequent_infections|frequent_urination|slow_heart_rate|watery_eyes
Food Poisoning,abdominal_pain|bloating|chills|diarrhea|fever|nausea|stomach_pain|vomiting|weakness
Typhoid,abdominal_pain|body_pain|difficulty_breathing|fever|high_fever|skin_peeling|weakness
Diabetes,blurred_vision|excessive_thirst|fatigue|frequent_urination|weight_loss
Chronic Kidney Disease,fatigue|high_blood_pressure|itching|muscle_cramps|neck_stiffness|painful_urination_in_lower_abdomen|swelling_in_feet|swelling_in_legs|yellow_skin
Pneumonia,chills|confusion|cough|fatigue|fever|nausea|rebound_pain|red_spots_on_skin|shortness_of_breath|wet_cough
Appendicitis,abdominal_pain|abdominal_tenderness|constipation|ear_pain|rebound_pain|vomiting
Peptic Ulcer,abdominal_pain|bloating|loss_of_appetite|nausea|stomach_pain|vomiting
Conjunctivitis,blurred_vision|body_pain|cold_intolerance|eye_pain|eye_redness|itching|low_fever|swelling_in_face|watery_eyes
Peptic Ulcer,abdominal_pain|blisters|bloating|nausea|rebound_pain|vomiting|weight_loss
Chickenpox,blisters|fatigue|fever|itching|skin_rash|swollen_lymph_nodes
Hepatitis B,abdominal_pain|dark_urine|ear_discharge|eye_pain|fatigue|joint_pain|loss_of_appetite|nausea|skin_rash|weakness|yellow_eyes|yellow_skin
Conjunctivitis,blurred_vision|eye_pain|eye_redness|itching|loss_of_appetite|skin_rash|sore_throat|tremors|watery_eyes|wet_cough
Chronic Kidney Disease,anxiety|fatigue|high_blood_pressure|hoarseness|muscle_cramps|swelling_in_face|swelling_in_feet|swelling_in_legs|swollen_lymph_nodes|tremors
Anemia,bloating|brittle_nails|cold_feet|cold_hands|dizziness|fatigue|hair_loss|weakness
Migraine,blisters|blurred_vision|dizziness|eye_pain|fatigue|headache|nausea|vomiting
Anemia,cold_hands|dizziness|fast_heart_rate|hair_loss|weakness
Eczema,dry_skin|itching|red_spots_on_skin|skin_peeling|skin_rash
Hepatitis B,burning_urination|dark_urine|fatigue|loss_of_appetite|nausea|pale_stool|sinus_pressure|watery_eyes|weakness|yellow_eyes|yellow_skin
Eczema,dry_skin|itching|red_spots_on_skin|skin_rash|weight_loss
Coronary Artery Disease,chest_pain|difficulty_swallowing|dizziness|facial_pain|fever|nausea|palpitations|shortness_of_breath|wheezing
Gastritis,abdominal_pain|abdominal_tenderness|bloating|frequent_infections|nausea|stomach_pain|vomiting
Arthritis,heat_intolerance|itching|joint_pain|low_fever|muscle_pain|neck_stiffness|swelling_in_legs|weakness
Asthma,chest_tightness|difficulty_breathing|difficulty_sleeping|flank_pain|rapid_breathing|shortness_of_breath|wheezing
Urinary Tract Infection (UTI),burning_urination|cloudy_urine|frequent_urination|low_fever|pelvic_pain
Eczema,dry_skin|itching|muscle_cramps|red_spots_on_skin|skin_rash
Laryngitis,hoarseness|low_fever|night_sweats|sinus_pressure|sore_throat|voice_loss|weakness
Sinusitis,bad_breath|low_fever|painful_urination_in_lower_abdomen|post_nasal_drip|runny_nose|sinus_pressure|stuffy_nose|watery_eyes
Psoriasis,dry_cough|fatigue|frequent_urination|itching|red_spots_on_skin|skin_peeling|skin_rash
Common Cold,cold_feet|fatigue|headache|high_fever|runny_nose|sneezing|sore_throat|stuffy_nose
Common Cold,burning_urination|constipation|fatigue|joint_pain|low_fever|mouth_ulcers|neck_pain|runny_nose|sneezing|sore_throat|stuffy_nose|watery_eyes
Appendicitis,abdominal_pain|abdominal_tenderness|diarrhea|difficulty_sleeping|hair_loss|rebound_pain
Bronchitis,chest_tightness|cough|eye_pain|eye_redness|fatigue|nausea|shortness_of_breath|wet_cough|wheezing
Urinary Tract Infection (UTI),back_pain|burning_urination|frequent_urination|pelvic_pain|red_spots_on_skin
Allergy,back_pain|blurred_speech|cough|itching|runny_nose|skin_rash|sneezing|swelling_in_face|wheezing|yellow_skin
Otitis Media,ear_discharge|ear_pain|fever|hearing_difficulty|irritability|voice_loss|weight_loss
Hyperthyroidism,difficulty_breathing|fast_heart_rate|heat_intolerance|palpitations|tremors|vomiting|weight_loss
Kidney Stones,back_pain|blood_in_urine|flank_pain|loss_of_smell|nausea|painful_urination_in_lower_abdomen|vomiting
Allergy,excessive_sleepiness|hives|itching|pelvic_pain|runny_nose|sneezing
Urinary Tract Infection (UTI),blood_in_urine|burning_urination|frequent_urination|pelvic_pain|stomach_pain
Eczema,blisters|dry_skin|frequent_infections|itching|skin_peeling|skin_rash|swelling_in_face|voice_loss
Gastroenteritis,abdominal_pain|cold_hands|diarrhea|loss_of_smell|nausea|vomiting|weakness
Typhoid,bloating|body_pain|constipation|diarrhea|fever|high_fever|loss_of_appetite|post_nasal_drip|rebound_pain|skin_rash|swelling_in_feet|weakness
Arthritis,anxiety|cough|fatigue|joint_pain|low_fever|muscle_pain|swelling_in_legs
Malaria,chills|diarrhea|fatigue|headache|high_fever|nausea|slow_heart_rate|swelling_in_legs|vomiting
Otitis Media,dark_urine|ear_discharge|ear_pain|fever|irritability|tremors
Chronic Kidney Disease,abdominal_tenderness|fatigue|high_blood_pressure|loss_of_appetite|muscle_cramps|swelling_in_feet|swelling_in_legs
Mumps,ear_pain|facial_pain|headache|loss_of_appetite|muscle_pain|slow_healing_wounds|swelling_in_face
Food Poisoning,abdominal_pain|bloating|constipation|diarrhea|mouth_ulcers|nausea|vomiting|white_patches_in_throat
Heart Failure,cold_feet|ear_discharge|fatigue|rapid_breathing|shortness_of_breath|swelling_in_feet|swelling_in_legs|voice_loss
Arthritis,eye_redness|joint_pain|muscle_pain|swelling_in_legs
Otitis Media,blood_in_urine|ear_discharge|ear_pain|fever|high_blood_pressure|low_fever|sinus_pressure
Hyperthyroidism,anxiety|fast_heart_rate|hair_loss|heat_intolerance|palpitations|stuffy_nose|sweating|weight_loss
Urinary Tract Infection (UTI),abdominal_pain|anxiety|blood_in_urine|burning_urination|chills|cloudy_urine|difficulty_breathing|frequent_urination|low_fever|numbness|pelvic_pain
Malaria,chills|fatigue|high_fever|muscle_pain|stuffy_nose|sweating|vomiting
Mumps,difficulty_swallowing|facial_pain|fever|headache|muscle_pain|rapid_breathing|swelling_in_face
Laryngitis,difficulty_swallowing|dry_cough|hoarseness|low_fever|mouth_ulcers|sinus_pressure|sore_throat|voice_loss
Appendicitis,abdominal_pain|abdominal_tenderness|blood_in_urine|frequent_infections|high_fever|hives|low_fever|nausea|rebound_pain|vomiting
Conjunctivitis,blurred_vision|eye_pain|eye_redness|itching|low_fever|palpitations|swelling_in_face|watery_eyes|weight_loss
Arthritis,joint_pain|neck_stiffness|rebound_pain|swelling_in_legs|weakness
Dengue,body_pain|eye_pain|headache|high_fever|joint_pain|muscle_cramps|nausea|vomiting|weakness
Tonsillitis,bad_breath|difficulty_swallowing|ear_discharge|irregular_heartbeat|sore_throat|swollen_tonsils|voice_loss|white_patches_in_throat
Appendicitis,abdominal_pain|abdominal_tenderness|constipation|loss_of_appetite|post_nasal_drip|rebound_pain|skin_rash|watery_eyes|wet_cough
Bronchitis,body_pain|chest_tightness|cough|fatigue|shortness_of_breath|sore_throat|wet_cough
Diabetes,blurred_vision|excessive_hunger|excessive_thirst|fatigue|frequent_infections|frequent_urination|slow_healing_wounds|stuffy_nose|weight_loss
Appendicitis,abdominal_pain|abdominal_tenderness|low_fever|nausea|rebound_pain|yellow_skin
Common Cold,bad_breath|chills|dark_urine|headache|low_fever|muscle_pain|runny_nose|sneezing|sore_throat|stuffy_nose|watery_eyes
Arthritis,bloating|joint_pain|loss_of_appetite|neck_stiffness|swelling_in_legs|weight_gain
Allergy,bloating|eye_pain|eye_redness|hives|itching|mouth_ulcers|runny_nose|sneezing|swelling_in_face
Measles,fever|high_fever|runny_nose|skin_rash|vomiting|watery_eyes|weight_loss|white_patches_in_throat
Malaria,chills|confusion|diarrhea|headache|high_fever|muscle_pain|palpitations|sweating
Asthma,chest_tightness|dry_cough|low_blood_pressure|rebound_pain|wheezing
Gastroenteritis,abdominal_pain|diarrhea|nausea|vomiting|weakness
Otitis Media,ear_discharge|ear_pain|fever|frequent_infections|hearing_difficulty|irritability|low_fever
Tuberculosis,chest_pain|chest_tightness|cough|fatigue|hearing_difficulty|irregular_heartbeat|loss_of_appetite|night_sweats|weight_loss|wet_cough
Common Cold,body_pain|cold_feet|cough|ear_pain|runny_nose|sneezing|sore_throat|stuffy_nose
Tuberculosis,bloating|cough|difficulty_sleeping|ear_pain|fatigue|hoarseness|loss_of_appetite|night_sweats|weight_loss|wet_cough
COVID-19,diarrhea|dry_cough|fatigue|fever|headache|loss_of_taste|pale_stool|shortness_of_breath|sore_throat|yellow_skin
Bronchitis,chest_tightness|cough|eye_redness|headache|low_fever|painful_urination_in_lower_abdomen|sore_throat|wet_cough
Laryngitis,hoarseness|low_fever|post_nasal_drip|sore_throat|voice_loss
Hypothyroidism,cold_intolerance|drooling|fatigue|hair_loss|skin_peeling|swelling_in_feet|weight_gain
Chickenpox,blisters|fever|itching|loss_of_appetite|skin_rash|yellow_eyes
Tonsillitis,back_pain|difficulty_swallowing|fever|muscle_pain|sore_throat
Chickenpox,body_pain|fever|itching|sinus_pressure|skin_rash|slow_heart_rate
Chronic Kidney Disease,excessive_sleepiness|fatigue|high_blood_pressure|hives|loss_of_appetite|swelling_in_feet|swelling_in_legs
Hypertension,blurred_vision|chills|dizziness|ear_discharge|headache|high_blood_pressure|nausea|palpitations|voice_loss
COVID-19,diarrhea|dry_cough|fatigue|fever|loss_of_smell|loss_of_taste|nausea|sore_throat
Chickenpox,blisters|fatigue|headache|high_fever|itching|loss_of_appetite|loss_of_smell|skin_rash
Diabetes,blurred_vision|dizziness|excessive_hunger|excessive_thirst|fatigue|frequent_infections|frequent_urination|numbness|swollen_tonsils
Anemia,brittle_nails|cold_hands|dizziness|excessive_thirst|fatigue|slow_healing_wounds|weakness
Mumps,blurred_speech|facial_pain|fatigue|fever|muscle_pain|swelling_in_face
Common Cold,cough|ear_pain|headache|low_fever|runny_nose|skin_rash|sneezing|sore_throat|stuffy_nose
Asthma,chest_tightness|cough|difficulty_breathing|dry_cough|shortness_of_breath|weakness|wheezing
Allergy,cough|hives|itching|runny_nose|sneezing|swelling_in_face|watery_eyes
Influenza,body_pain|chills|cough|diarrhea|fatigue|fever|high_fever|muscle_pain|nausea|numbness|runny_nose|sore_throat|sweating|vomiting
Influenza,body_pain|chills|cough|fatigue|fever|high_fever|muscle_pain|nausea|painful_urination_in_lower_abdomen|runny_nose|vomiting
Sinusitis,cough|facial_pain|post_nasal_drip|sinus_pressure|stuffy_nose
Pneumonia,blood_in_urine|chest_pain|chills|confusion|cough|excessive_sleepiness|fever|shortness_of_breath|wet_cough
Influenza,abdominal_tenderness|body_pain|chills|cold_feet|cough|fatigue|fever|high_fever|hoarseness|irregular_heartbeat|muscle_pain|runny_nose|sweating|vomiting|weakness
Hepatitis B,abdominal_pain|dark_urine|fatigue|loss_of_appetite|nausea|weakness|white_patches_in_throat|yellow_eyes|yellow_skin
Diabetes,abdominal_pain|bad_breath|blurred_vision|excessive_hunger|excessive_thirst|fatigue|frequent_infections|frequent_urination|skin_peeling|skin_rash|weight_loss
Dengue,body_pain|gum_bleeding|headache|high_fever|irregular_heartbeat|joint_pain|red_spots_on_skin|skin_rash|weakness
Food Poisoning,abdominal_pain|diarrhea|fever|frequent_infections|nausea|tingling_sensation|vomiting
Dengue,body_pain|difficulty_breathing|eye_pain|headache|high_fever|joint_pain|loss_of_taste|nausea|tingling_sensation|vomiting|weakness
Otitis Media,blood_in_urine|drooling|ear_discharge|ear_pain|hearing_difficulty|swelling_in_legs
Hepatitis A,dark_urine|fatigue|low_fever|nausea|post_nasal_drip|yellow_eyes|yellow_skin
Hyperthyroidism,difficulty_sleeping|fast_heart_rate|heat_intolerance|loss_of_smell|palpitations|sweating|tremors|weight_loss
Measles,bad_breath|cough|fever|frequent_infections|high_fever|itching|skin_rash|sore_throat|swelling_in_legs|voice_loss|watery_eyes
Mumps,facial_pain|fever|loss_of_appetite|sore_throat|swelling_in_face
Heart Failure,cold_hands|fatigue|headache|irregular_heartbeat|rapid_breathing|shortness_of_breath|swelling_in_feet|swelling_in_legs|weight_gain
Coronary Artery Disease,chest_pain|cold_hands|fatigue|palpitations|shortness_of_breath|sweating|weight_loss
Coronary Artery Disease,chest_pain|chest_tightness|cold_hands|fatigue|shortness_of_breath|sweating
Anemia,dizziness|fast_heart_rate|fatigue|heat_intolerance|weakness
Hypothyroidism,brittle_nails|cold_intolerance|difficulty_breathing|dry_skin|hair_loss|memory_problems|weight_gain
Anemia,cold_feet|cold_hands|dizziness|fast_heart_rate|fatigue|headache|heat_intolerance|weakness
Sinusitis,facial_pain|headache|hoarseness|loss_of_taste|post_nasal_drip|runny_nose|sinus_pressure|stuffy_nose
Urinary Tract Infection (UTI),abdominal_pain|back_pain|blood_in_urine|burning_urination|frequent_urination
Measles,cough|eye_pain|eye_redness|fever|high_fever|runny_nose|skin_rash|testicular_pain
Asthma,anxiety|chest_tightness|cough|fatigue|rapid_breathing|shortness_of_breath|wheezing|yellow_eyes
Otitis Media,burning_urination|ear_discharge|ear_pain|fever
Chickenpox,blisters|body_pain|fatigue|headache|itching|skin_rash|swelling_in_legs
Common Cold,cough|fatigue|headache|low_blood_pressure|runny_nose|sneezing|sore_throat|stuffy_nose|yellow_eyes
Hyperthyroidism,difficulty_sleeping|dry_cough|excessive_hunger|fast_heart_rate|hair_loss|heat_intolerance|hoarseness|palpitations|sweating|tremors|watery_eyes|weight_loss
Hepatitis A,constipation|dry_cough|fatigue|loss_of_appetite|low_fever|pale_stool|yellow_eyes|yellow_skin
Laryngitis,difficulty_swallowing|dry_cough|hoarseness|shortness_of_breath|sinus_pressure|sneezing|sore_throat|swollen_lymph_nodes|voice_loss
Dengue,body_pain|dry_skin|headache|joint_pain|nausea|sinus_pressure|skin_rash|weakness
Influenza,body_pain|cough|difficulty_breathing|fatigue|fever|flank_pain|hair_loss|headache|muscle_pain|sweating
Chronic Kidney Disease,eye_redness|fatigue|frequent_urination|high_blood_pressure|loss_of_appetite|nausea|post_nasal_drip|swelling_in_feet|swelling_in_legs|weakness
Appendicitis,abdominal_pain|abdominal_tenderness|constipation|difficulty_breathing|low_fever|nausea|rebound_pain
Peptic Ulcer,abdominal_pain|bloating|constipation|nausea|stomach_pain|weight_loss
Tuberculosis,chest_pain|cough|fatigue|gum_bleeding|night_sweats|sinus_pressure|weight_loss|wet_cough
Common Cold,chest_pain|dizziness|flank_pain|low_fever|post_nasal_drip|runny_nose|sneezing|sore_throat
Gastroenteritis,abdominal_pain|bloating|diarrhea|headache|nausea|weakness
Hepatitis B,abdominal_pain|blisters|dark_urine|difficulty_swallowing|fatigue|loss_of_appetite|nausea|weakness|yellow_eyes|yellow_skin
Hyperthyroidism,anxiety|difficulty_breathing|excessive_hunger|facial_pain|fast_heart_rate|hair_loss|heat_intolerance|palpitations|rapid_breathing|sweating|weight_loss
Anemia,cold_feet|cold_hands|dizziness|fast_heart_rate|fatigue|watery_eyes|weakness
Laryngitis,difficulty_swallowing|dry_cough|hoarseness|low_fever|slow_heart_rate|sore_throat|voice_loss
Hyperthyroidism,anxiety|dry_skin|facial_pain|fast_heart_rate|heat_intolerance|irregular_heartbeat|loss_of_appetite|red_spots_on_skin|sweating|tremors|weight_loss
Appendicitis,abdominal_pain|abdominal_tenderness|diarrhea|low_fever|nausea|rebound_pain|vomiting
Pneumonia,blurred_speech|chest_pain|cold_hands|confusion|cough|fever|loss_of_appetite|nausea|pale_stool|shortness_of_breath|sweating|wet_cough
Conjunctivitis,blurred_vision|eye_redness|itching|low_fever|sore_throat|watery_eyes
Coronary Artery Disease,abdominal_pain|chest_pain|chest_tightness|cold_hands|fatigue|high_blood_pressure|nausea|shortness_of_breath
Hypothyroidism,cold_intolerance|dry_skin|excessive_sleepiness|fatigue|hair_loss|pale_stool|slow_heart_rate|weight_gain
Laryngitis,difficulty_swallowing|dry_cough|fever|heat_intolerance|hives|hoarseness|low_fever|sore_throat|stuffy_nose|voice_loss
Sinusitis,facial_pain|joint_pain|nausea|sinus_pressure|skin_peeling|stuffy_nose
Diabetes,excessive_hunger|excessive_thirst|fatigue|frequent_urination|hoarseness|muscle_cramps
Mumps,facial_pain|fatigue|fever|headache|swelling_in_face
Gastritis,abdominal_pain|bloating|blurred_speech|nausea|stomach_pain
Gastritis,abdominal_pain|fatigue|loss_of_appetite|nausea|vomiting
Hypertension,chest_pain|fast_heart_rate|headache|high_blood_pressure
Urinary Tract Infection (UTI),burning_urination|cloudy_urine|cough|frequent_urination|low_fever|palpitations|vomiting
Peptic Ulcer,abdominal_pain|bloating|cold_feet|nausea|stomach_pain|weight_loss
Malaria,chills|headache|high_fever|joint_pain|muscle_pain|nausea|sweating
Gastroenteritis,bloating|diarrhea|dry_skin|fever|nausea|vomiting|weakness
Influenza,body_pain|chills|cough|fatigue|fever|flank_pain|high_fever|muscle_pain|runny_nose|sore_throat
Pneumonia,chills|cough|fast_heart_rate|fever|rapid_breathing|shortness_of_breath|wet_cough
Tuberculosis,blood_in_urine|chest_pain|chills|cough|fatigue|night_sweats|numbness|swollen_tonsils|weight_loss|wet_cough
Bronchitis,chest_tightness|cough|fatigue|low_fever|voice_loss|wet_cough|wheezing
Influenza,body_pain|chills|cough|fatigue|fever|headache|high_fever|muscle_pain|nausea|runny_nose|sweating|vomiting
Asthma,chest_tightness|cough|difficulty_breathing|dry_cough|fatigue|itching|rapid_breathing|shortness_of_breath|testicular_pain|wheezing
Malaria,abdominal_pain|chills|diarrhea|hearing_difficulty|heat_intolerance|high_fever|memory_problems|muscle_pain|nausea|runny_nose|sweating|vomiting
Hypothyroidism,cold_intolerance|ear_discharge|fatigue|hair_loss|joint_pain|slow_heart_rate|weight_gain
Urinary Tract Infection (UTI),abdominal_pain|burning_urination|cloudy_urine|frequent_urination|gum_bleeding|low_fever
Coronary Artery Disease,chest_pain|chest_tightness|fast_heart_rate|fatigue|nausea|numbness|palpitations|shortness_of_breath|sweating|weight_gain
Asthma,chest_tightness|cough|dry_cough|fatigue|shortness_of_breath|wheezing
Appendicitis,abdominal_pain|abdominal_tenderness|constipation|rebound_pain|swelling_in_feet|vomiting
Urinary Tract Infection (UTI),back_pain|burning_urination|frequent_urination|pelvic_pain
Gastritis,abdominal_pain|bloating|loss_of_appetite|mouth_ulcers|nausea|stomach_pain|vomiting
Malaria,chills|fatigue|headache|high_fever|irritability|muscle_pain|sweating|vomiting
Influenza,body_pain|chills|cough|fatigue|fever|high_fever|muscle_pain|nausea|runny_nose|sore_throat|sweating
Common Cold,cough|low_fever|neck_pain|post_nasal_drip|runny_nose|sneezing|sore_throat|stuffy_nose
Food Poisoning,abdominal_pain|chills|diarrhea|fever|nausea|runny_nose|vomiting|weakness
Hepatitis A,body_pain|dark_urine|difficulty_swallowing|fatigue|loss_of_appetite|pale_stool|post_nasal_drip|vomiting|weight_gain|yellow_eyes|yellow_skin
Laryngitis,difficulty_swallowing|dry_cough|hoarseness|sore_throat|voice_loss
Allergy,abdominal_tenderness|hives|itching|runny_nose|skin_rash|sneezing|watery_eyes
Sinusitis,cough|facial_pain|headache|low_fever|post_nasal_drip|runny_nose|sinus_pressure|stuffy_nose
Food Poisoning,abdominal_pain|bloating|chest_pain|diarrhea|fever|nausea|vomiting
Anemia,bad_breath|bloating|cold_feet|cold_hands|confusion|dizziness|fatigue|weakness|wet_cough
Pneumonia,brittle_nails|chest_pain|chills|cough|fatigue|fever|muscle_pain|shortness_of_breath
Chickenpox,blisters|body_pain|fatigue|fever|headache|itching|loss_of_appetite|skin_rash
Hypothyroidism,cold_intolerance|dry_skin|excessive_sleepiness|fatigue|sinus_pressure|weight_gain
Asthma,chest_tightness|difficulty_breathing|dry_cough|loss_of_smell|rapid_breathing|shortness_of_breath|wheezing
Chickenpox,blisters|body_pain|fever|headache|itching|loss_of_appetite|skin_rash
Tonsillitis,bad_breath|difficulty_swallowing|fever|sore_throat|swollen_lymph_nodes|swollen_tonsils|watery_eyes|white_patches_in_throat
Influenza,body_pain|chills|cough|fatigue|fever|flank_pain|headache|high_fever|muscle_pain|sweating|voice_loss
Chronic Kidney Disease,cold_feet|fatigue|frequent_urination|high_blood_pressure|swelling_in_feet|swelling_in_legs
Asthma,chest_tightness|cough|difficulty_sleeping|dry_cough|shortness_of_breath|swollen_lymph_nodes|testicular_pain|wheezing
Common Cold,headache|low_fever|runny_nose|sneezing|sore_throat|stuffy_nose
Asthma,chest_tightness|cough|difficulty_breathing|difficulty_sleeping|dry_cough|ear_discharge|fatigue|numbness|rapid_breathing|rebound_pain|shortness_of_breath|skin_peeling|wet_cough|wheezing
Arthritis,blurred_speech|fatigue|joint_pain|muscle_pain|neck_stiffness|swelling_in_legs|yellow_eyes
Dengue,body_pain|headache|high_fever|joint_pain|nausea|skin_rash|weakness
Conjunctivitis,constipation|eye_pain|eye_redness|itching|swelling_in_face|watery_eyes
Malaria,chills|high_fever|muscle_pain|nausea|rapid_breathing|sweating|vomiting
Hypertension,dizziness|drooling|fatigue|headache|high_blood_pressure|palpitations|rebound_pain
Arthritis,dark_urine|fatigue|joint_pain|neck_stiffness|numbness|sinus_pressure|swelling_in_legs|vomiting
Anemia,cold_feet|cold_hands|dizziness|fatigue|headache|shortness_of_breath|weakness|yellow_skin
Otitis Media,ear_discharge|ear_pain|headache|low_fever
Migraine,blisters|blurred_vision|fatigue|headache|nausea|numbness|post_nasal_drip|weight_loss
Gastroenteritis,abdominal_pain|diarrhea|vomiting|weakness
Hypothyroidism,back_pain|cold_intolerance|constipation|dry_skin|excessive_thirst|fatigue|hair_loss|skin_rash|slow_heart_rate|sneezing|weight_gain
Influenza,body_pain|cough|dry_cough|fatigue|fever|high_fever|muscle_pain|rebound_pain|sore_throat|swelling_in_legs|vomiting
Gastroenteritis,abdominal_pain|bloating|diarrhea|fever|headache|nausea|testicular_pain|vomiting
COVID-19,body_pain|difficulty_sleeping|dry_cough|fatigue|fever|headache|loss_of_taste|runny_nose|shortness_of_breath|sore_throat
Chickenpox,blisters|confusion|fatigue|fever|itching|loss_of_taste|pelvic_pain|skin_rash
Gastroenteritis,abdominal_pain|chest_pain|diarrhea|fever|headache|nausea|vomiting
Influenza,body_pain|chills|cold_intolerance|cough|fatigue|fever|high_fever|loss_of_smell|muscle_pain|nausea|runny_nose|weakness
Arthritis,drooling|frequent_infections|joint_pain|muscle_pain|neck_stiffness|swelling_in_legs
Tonsillitis,bad_breath|cloudy_urine|difficulty_swallowing|post_nasal_drip|sore_throat|swollen_tonsils|watery_eyes|white_patches_in_throat
Peptic Ulcer,abdominal_pain|bloating|constipation|loss_of_appetite|nausea|stomach_pain
Common Cold,fatigue|headache|runny_nose|sneezing|sore_throat
Migraine,blurred_vision|dizziness|headache|tingling_sensation
Peptic Ulcer,abdominal_pain|abdominal_tenderness|bloating|nausea|stomach_pain
Gastroenteritis,abdominal_pain|diarrhea|headache|muscle_pain|post_nasal_drip|vomiting
Migraine,blurred_vision|body_pain|dizziness|eye_pain|fatigue|headache|hoarseness|loss_of_taste|vomiting
Tuberculosis,chest_pain|chills|cough|drooling|night_sweats|weight_loss|wet_cough
Gastritis,abdominal_pain|blisters|confusion|fast_heart_rate|loss_of_appetite|low_blood_pressure|nausea|stomach_pain|vomiting
Otitis Media,ear_discharge|ear_pain|fever|low_fever
COVID-19,diarrhea|dry_cough|fatigue|fever|loss_of_smell|loss_of_taste|skin_rash
Dengue,blurred_vision|body_pain|flank_pain|gum_bleeding|headache|high_fever|joint_pain|muscle_cramps|red_spots_on_skin|shortness_of_breath|weakness
Urinary Tract Infection (UTI),abdominal_pain|burning_urination|cloudy_urine|constipation|frequent_urination|pelvic_pain|weight_loss|white_patches_in_throat
Anemia,cold_feet|dizziness|fatigue|weakness
Typhoid,abdominal_pain|chills|fever|headache|high_fever|loss_of_appetite|memory_problems|skin_rash|swelling_in_face|weakness
Kidney Stones,abdominal_pain|back_pain|blood_in_urine|chills|dry_cough|flank_pain|frequent_urination|gum_bleeding|neck_pain|painful_urination_in_lower_abdomen|red_spots_on_skin|tremors
Gastroenteritis,abdominal_pain|chest_pain|diarrhea|fever|vomiting|weakness
Urinary Tract Infection (UTI),abdominal_pain|back_pain|burning_urination|cloudy_urine|excessive_thirst|frequent_urination|low_fever|pelvic_pain
Eczema,anxiety|blisters|dry_skin|itching|red_spots_on_skin|skin_peeling|skin_rash
Gastroenteritis,abdominal_pain|bloating|chills|confusion|diarrhea|high_blood_pressure|vomiting|weakness|yellow_eyes
Typhoid,abdominal_pain|body_pain|constipation|diarrhea|fever|headache|high_fever|loss_of_appetite|weakness
Gastroenteritis,abdominal_pain|ear_pain|headache|nausea|vomiting|weakness
Tuberculosis,chest_pain|cough|fatigue|night_sweats|stuffy_nose|weight_loss|wet_cough
Psoriasis,brittle_nails|diarrhea|fatigue|itching|red_spots_on_skin|skin_peeling|skin_rash
Chronic Kidney Disease,bloating|fatigue|frequent_urination|high_blood_pressure|loss_of_appetite|sore_throat|swelling_in_feet|swelling_in_legs
Allergy,cough|diarrhea|difficulty_breathing|hearing_difficulty|hives|itching|runny_nose|sneezing|stuffy_nose|swelling_in_face|watery_eyes|weakness
Migraine,blurred_vision|difficulty_sleeping|fatigue|headache|joint_pain|nausea|vomiting
Typhoid,abdominal_pain|constipation|eye_pain|fast_heart_rate|fever|high_fever|loss_of_appetite
Dengue,body_pain|gum_bleeding|headache|joint_pain|nausea|red_spots_on_skin|skin_rash|weakness
Hypothyroidism,cold_intolerance|dry_skin|fatigue|hair_loss|memory_problems|slow_heart_rate|swelling_in_face|weight_gain
Anemia,cold_feet|cold_hands|dizziness|fatigue|weakness
Dengue,body_pain|headache|high_fever|joint_pain|nausea|rapid_breathing|red_spots_on_skin|skin_rash|vomiting|weakness
Migraine,blurred_vision|difficulty_breathing|difficulty_sleeping|eye_redness|headache|low_fever
Gastroenteritis,abdominal_pain|bloating|diarrhea|fever|nausea|stuffy_nose|vomiting|weakness
Typhoid,abdominal_pain|diarrhea|fever|headache|high_fever|loss_of_appetite|weakness
Asthma,chest_tightness|cough|difficulty_breathing|difficulty_sleeping|dry_cough|red_spots_on_skin|shortness_of_breath|stuffy_nose|vomiting|wheezing
Dengue,body_pain|eye_pain|gum_bleeding|high_fever|joint_pain|vomiting|weakness
Peptic Ulcer,abdominal_pain|bad_breath|blisters|bloating|nausea|stomach_pain|weight_loss
Measles,body_pain|diarrhea|eye_redness|fever|high_fever|skin_rash|tingling_sensation|watery_eyes
Gastroenteritis,abdominal_pain|bloating|diarrhea|hives|muscle_cramps|nausea|sinus_pressure|vomiting|weakness
Appendicitis,abdominal_pain|abdominal_tenderness|bloating|constipation|facial_pain|low_fever|nausea|rebound_pain|vomiting
Hypothyroidism,cold_intolerance|constipation|dry_skin|fatigue|hair_loss|slow_heart_rate|weight_gain
Eczema,anxiety|cough|dry_skin|itching|skin_rash
Chronic Kidney Disease,cloudy_urine|fatigue|fever|frequent_urination|itching|swelling_in_feet|swelling_in_legs
Typhoid,abdominal_pain|body_pain|diarrhea|fever|high_fever|loss_of_appetite|skin_peeling|skin_rash|weakness
Chickenpox,blisters|body_pain|fatigue|fever|itching|loss_of_appetite|pale_stool|skin_rash
Bronchitis,brittle_nails|chest_tightness|cough|fatigue|low_fever|wet_cough
Tonsillitis,difficulty_swallowing|frequent_urination|headache|sore_throat|swollen_lymph_nodes|swollen_tonsils|yellow_skin
Hypothyroidism,cold_intolerance|constipation|dry_skin|excessive_sleepiness|fatigue|fever|slow_heart_rate|weight_gain
Appendicitis,abdominal_pain|abdominal_tenderness|bloating|hives|loss_of_appetite|nausea|rebound_pain
Arthritis,burning_urination|fatigue|hair_loss|joint_pain|muscle_pain|neck_stiffness|swelling_in_legs
Hepatitis A,blurred_speech|fatigue|gum_bleeding|itching|loss_of_appetite|pale_stool|yellow_eyes|yellow_skin
Common Cold,fatigue|low_fever|runny_nose|sneezing|sore_throat|stuffy_nose
Laryngitis,difficulty_swallowing|dry_cough|fever|hoarseness|sore_throat|swollen_tonsils|voice_loss|weight_gain
Chickenpox,blisters|fever|itching|loss_of_appetite|skin_rash|slow_healing_wounds
Arthritis,joint_pain|low_fever|muscle_pain|swelling_in_legs
Conjunctivitis,blurred_vision|eye_pain|eye_redness|itching|palpitations|sore_throat|swelling_in_legs|watery_eyes
Anemia,dizziness|fast_heart_rate|fatigue|headache|watery_eyes|weakness
Pneumonia,back_pain|chest_pain|cough|fever|nausea|rapid_breathing|shortness_of_breath|wet_cough
Pneumonia,blurred_speech|chest_pain|confusion|cough|facial_pain|fever|nausea|shortness_of_breath|voice_loss|wet_cough
Typhoid,abdominal_pain|bloating|body_pain|fever|headache|high_fever|nausea|pale_stool|weakness
Typhoid,abdominal_pain|anxiety|body_pain|diarrhea|fever|high_fever|loss_of_appetite|weakness
Psoriasis,diarrhea|difficulty_swallowing|itching|red_spots_on_skin|skin_peeling|skin_rash|swelling_in_face
Gastroenteritis,abdominal_pain|bloating|diarrhea|fever|loss_of_appetite|nausea|tingling_sensation|vomiting|weakness
Mumps,facial_pain|fever|loss_of_appetite|muscle_pain|numbness|swelling_in_face
Eczema,burning_urination|difficulty_breathing|dry_skin|itching|red_spots_on_skin|skin_rash|swelling_in_face|tingling_sensation
Bronchitis,body_pain|chest_tightness|cough|fatigue|headache|low_fever|sore_throat|wet_cough|wheezing
Hepatitis B,abdominal_pain|ear_pain|fatigue|itching|loss_of_appetite|nausea|rapid_breathing|weakness|yellow_eyes|yellow_skin
Influenza,body_pain|chills|cough|fatigue|fever|headache|high_fever|muscle_pain|runny_nose|sore_throat|sweating|vomiting
Hypertension,blurred_vision|dizziness|headache|heat_intolerance|high_blood_pressure|wet_cough
Chronic Kidney Disease,eye_pain|fatigue|frequent_urination|high_blood_pressure|neck_pain|swelling_in_feet|swelling_in_legs
Hyperthyroidism,excessive_hunger|fast_heart_rate|hair_loss|heat_intolerance|palpitations|sweating|weight_loss
Hepatitis B,dark_urine|fatigue|joint_pain|loss_of_appetite|nausea|pale_stool|weakness|yellow_eyes|yellow_skin
COVID-19,body_pain|chills|dry_cough|fatigue|fever|headache|hives|loss_of_smell|numbness|sore_throat|swelling_in_feet
Peptic Ulcer,abdominal_pain|bloating|brittle_nails|stomach_pain|weight_loss
Malaria,chills|diarrhea|fatigue|high_fever|sweating|vomiting
Allergy,excessive_thirst|headache|hives|itching|loss_of_appetite|runny_nose|skin_rash|sneezing|stuffy_nose|watery_eyes
Hyperthyroidism,anxiety|fast_heart_rate|hair_loss|heat_intolerance|sweating|weight_loss
Eczema,dry_skin|itching|red_spots_on_skin|skin_peeling|skin_rash|testicular_pain
Hypothyroidism,cold_intolerance|eye_redness|fatigue|hair_loss|slow_heart_rate|weight_gain
Coronary Artery Disease,chest_pain|chest_tightness|cold_hands|muscle_cramps|nausea|palpitations|shortness_of_breath|sweating
Influenza,body_pain|chest_pain|chills|cough|fatigue|fever|headache|high_fever|sore_throat|sweating
Arthritis,fatigue|joint_pain|low_fever|muscle_pain|neck_pain|neck_stiffness|swelling_in_legs
Allergy,anxiety|drooling|irritability|itching|runny_nose|sneezing|stuffy_nose|swollen_lymph_nodes|watery_eyes
Bronchitis,chest_tightness|cough|itching|runny_nose|wet_cough|wheezing
Dengue,body_pain|headache|high_fever|joint_pain|nausea|skin_rash|weakness|yellow_skin
Mumps,facial_pain|fatigue|fever|high_fever|neck_pain|painful_urination_in_lower_abdomen|swelling_in_face|testicular_pain
Typhoid,abdominal_pain|cold_intolerance|difficulty_breathing|headache|high_fever|loss_of_appetite|skin_rash|tremors|weakness
Mumps,facial_pain|fever|hearing_difficulty|loss_of_appetite|stomach_pain|swelling_in_face
Diabetes,blurred_vision|dizziness|excessive_hunger|excessive_thirst|fatigue|frequent_urination|slow_healing_wounds|sneezing|weight_loss
Appendicitis,abdominal_pain|abdominal_tenderness|cold_feet|constipation|loss_of_appetite|low_fever|nausea|rebound_pain
Laryngitis,difficulty_swallowing|dry_cough|hoarseness|neck_pain|sore_throat|voice_loss|wheezing
Hepatitis B,abdominal_pain|dark_urine|fatigue|irregular_heartbeat|loss_of_appetite|skin_rash|tingling_sensation|yellow_eyes|yellow_skin
Arthritis,fatigue|joint_pain|neck_stiffness|swelling_in_legs
Bronchitis,chest_tightness|cough|excessive_sleepiness|fatigue|sore_throat|wet_cough|wheezing
Influenza,body_pain|chills|cough|fatigue|fever|frequent_urination|high_fever|runny_nose|sore_throat|vomiting
Hypertension,chest_pain|eye_redness|fast_heart_rate|fatigue|headache|high_blood_pressure|hives|pale_stool|stuffy_nose|wet_cough
Tuberculosis,chest_pain|cough|difficulty_breathing|night_sweats|weight_loss|wet_cough
Hyperthyroidism,anxiety|body_pain|excessive_hunger|fast_heart_rate|heat_intolerance|palpitations|sweating|tremors|weight_loss
Kidney Stones,back_pain|blood_in_urine|fever|flank_pain|hoarseness|joint_pain|nausea
Hepatitis A,fatigue|loss_of_appetite|painful_urination_in_lower_abdomen|vomiting|yellow_eyes|yellow_skin
Gastritis,abdominal_pain|bloating|excessive_thirst|loss_of_appetite|nausea|stomach_pain
Malaria,high_blood_pressure|high_fever|sweating
Asthma,chest_tightness|difficulty_breathing|shortness_of_breath|stuffy_nose|wheezing|yellow_eyes
Malaria,chills|headache|high_fever|muscle_pain|nausea|sweating|vomiting
Diabetes,blurred_vision|excessive_hunger|excessive_thirst|fatigue|frequent_urination|headache|irritability|numbness|tingling_sensation|weight_loss|wet_cough
Kidney Stones,back_pain|flank_pain|nausea|painful_urination_in_lower_abdomen|red_spots_on_skin|vomiting|watery_eyes
Gastritis,abdominal_pain|dizziness|nausea|stomach_pain|vomiting
Pneumonia,bloating|chest_pain|chills|confusion|cough|ear_discharge|fatigue|fever|headache|pelvic_pain|shortness_of_breath|sweating|wet_cough
Kidney Stones,back_pain|blood_in_urine|cloudy_urine|flank_pain|frequent_urination|low_fever|nausea|painful_urination_in_lower_abdomen|vomiting
Hypothyroidism,chest_tightness|cold_intolerance|fatigue|hair_loss|memory_problems|weight_gain
Measles,fever|high_fever|runny_nose|skin_rash|sore_throat|white_patches_in_throat
Hepatitis B,dark_urine|fatigue|loss_of_appetite|nausea|weakness|yellow_eyes|yellow_skin
Appendicitis,abdominal_pain|abdominal_tenderness|cold_intolerance|low_fever|nausea|rebound_pain|vomiting
Measles,body_pain|fever|high_fever|pelvic_pain
Hypothyroidism,burning_urination|cold_intolerance|fatigue|slow_heart_rate
Hepatitis B,abdominal_pain|dark_urine|fatigue|loss_of_appetite|loss_of_smell|pale_stool|yellow_eyes|yellow_skin
Conjunctivitis,blurred_vision|eye_pain|eye_redness|itching|mouth_ulcers|muscle_pain|red_spots_on_skin|swelling_in_face|watery_eyes
Hepatitis B,abdominal_pain|blurred_vision|dark_urine|dry_cough|fatigue|loss_of_appetite|numbness|skin_rash|weakness|wheezing|yellow_eyes
Heart Failure,fatigue|palpitations|rapid_breathing|shortness_of_breath|swelling_in_legs
Common Cold,cough|diarrhea|fatigue|frequent_infections|headache|low_fever|runny_nose|sneezing|sore_throat|stuffy_nose
Hepatitis A,dark_urine|fatigue|nausea|vomiting|yellow_eyes|yellow_skin
Migraine,bad_breath|blurred_vision|chest_tightness|eye_pain|headache|loss_of_taste|nausea|numbness
Allergy,cough|hives|itching|runny_nose|sneezing|watery_eyes|weight_gain
Peptic Ulcer,abdominal_pain|bloating|cold_hands|cough|loss_of_appetite|nausea|stomach_pain|vomiting|weight_loss
Coronary Artery Disease,chest_pain|chest_tightness|fatigue|mouth_ulcers|palpitations|shortness_of_breath|sweating
Gastroenteritis,abdominal_pain|diarrhea|fever|headache|muscle_cramps|nausea|vomiting|weakness
Common Cold,cough|dark_urine|diarrhea|ear_pain|eye_pain|hair_loss|memory_problems|post_nasal_drip|runny_nose|sneezing|sore_throat
Hepatitis A,dark_urine|fatigue|low_fever|nausea|vomiting|yellow_eyes|yellow_skin
Diabetes,blurred_vision|excessive_hunger|excessive_thirst|frequent_urination|sore_throat
Diabetes,excessive_hunger|excessive_thirst|eye_pain|fatigue|frequent_urination|stomach_pain|tingling_sensation
Migraine,blurred_vision|fatigue|hair_loss|headache|nausea|vomiting
Measles,cough|diarrhea|eye_redness|fever|high_fever|runny_nose|skin_rash
Hepatitis B,abdominal_pain|fatigue|loss_of_appetite|loss_of_smell|loss_of_taste|nausea|weakness|yellow_eyes|yellow_skin
Pneumonia,chest_pain|chills|cough|eye_pain|fever|shortness_of_breath|sweating|wet_cough
Psoriasis,itching|joint_pain|red_spots_on_skin|skin_peeling|skin_rash|tingling_sensation
Tonsillitis,bad_breath|difficulty_swallowing|sore_throat|swollen_lymph_nodes|swollen_tonsils
Anemia,cold_hands|cough|dizziness|fatigue|headache|runny_nose|weakness
Anemia,brittle_nails|chest_pain|cold_feet|dizziness|fast_heart_rate|fatigue|headache|weakness
Kidney Stones,back_pain|blood_in_urine|cloudy_urine|fatigue|fever|flank_pain|frequent_urination|nausea|slow_heart_rate|vomiting
Hypertension,fatigue|headache|high_blood_pressure|pale_stool|sore_throat
Hypertension,chest_pain|cold_feet|difficulty_breathing|dizziness|fast_heart_rate|headache|high_blood_pressure|palpitations
Eczema,bloating|chest_tightness|dry_skin|headache|itching|low_fever|red_spots_on_skin|skin_peeling|skin_rash
Conjunctivitis,eye_redness|itching|watery_eyes
Hypothyroidism,abdominal_tenderness|cold_intolerance|dry_skin|excessive_hunger|excessive_sleepiness|fatigue|hair_loss|slow_heart_rate|weight_gain
Psoriasis,cold_feet|dry_skin|fatigue|itching|red_spots_on_skin|skin_peeling|skin_rash|yellow_skin
Hyperthyroidism,anxiety|brittle_nails|fast_heart_rate|heat_intolerance|palpitations|swelling_in_face|vomiting|weight_loss
Asthma,chest_tightness|cough|diarrhea|difficulty_breathing|nausea|shortness_of_breath|wheezing
COVID-19,confusion|dry_cough|fatigue|fever|headache|rebound_pain|swollen_tonsils
Influenza,abdominal_pain|body_pain|cough|fatigue|fever|high_fever|muscle_pain|runny_nose|sore_throat|vomiting
Eczema,blisters|bloating|cold_feet|dry_skin|itching|night_sweats|red_spots_on_skin|skin_peeling|skin_rash|tingling_sensation
Bronchitis,abdominal_tenderness|blisters|body_pain|chest_tightness|cough|fatigue|heat_intolerance|low_fever|wet_cough
Common Cold,chills|cough|diarrhea|fatigue|low_fever|post_nasal_drip|runny_nose|shortness_of_breath|sneezing|sore_throat
Psoriasis,cough|dry_skin|facial_pain|itching|joint_pain|mouth_ulcers|neck_pain|red_spots_on_skin|skin_peeling|skin_rash
Hepatitis B,abdominal_pain|cold_feet|cough|dark_urine|loss_of_appetite|low_fever|nausea|weakness|yellow_eyes|yellow_skin
Hypothyroidism,burning_urination|cold_intolerance|dry_skin|fatigue|hair_loss|weight_gain
Allergy,cough|itching|runny_nose|skin_rash|sneezing|watery_eyes|wet_cough
Hepatitis A,fatigue|nausea|vomiting|yellow_eyes|yellow_skin
Urinary Tract Infection (UTI),abdominal_pain|blood_in_urine|burning_urination|cloudy_urine|dark_urine|frequent_urination|low_fever
COVID-19,anxiety|body_pain|dry_cough|fatigue|fever|headache|loss_of_taste|nausea|painful_urination_in_lower_abdomen|sore_throat
Pneumonia,chest_pain|cough|fatigue|fever|high_fever|nausea|rapid_breathing|shortness_of_breath|wet_cough
Conjunctivitis,blurred_vision|confusion|constipation|eye_pain|eye_redness|itching|low_fever|watery_eyes
Pneumonia,chest_pain|chills|confusion|cough|fever|nausea|rapid_breathing|shortness_of_breath|wet_cough
Hyperthyroidism,anxiety|difficulty_sleeping|fast_heart_rate|hair_loss|heat_intolerance|muscle_cramps|palpitations|rapid_breathing|runny_nose|sweating|weight_loss
Allergy,high_fever|hives|itching|runny_nose|skin_rash|sneezing|watery_eyes
Kidney Stones,back_pain|blisters|blood_in_urine|cloudy_urine|excessive_sleepiness|irritability|memory_problems|nausea|swelling_in_legs|vomiting
Measles,ear_pain|fever|high_fever|neck_pain|skin_rash|watery_eyes
Tonsillitis,bad_breath|difficulty_swallowing|dry_skin|ear_pain|headache|sore_throat|stuffy_nose|swollen_tonsils|white_patches_in_throat
Chronic Kidney Disease,fatigue|frequent_urination|itching|joint_pain|loss_of_appetite|nausea|swelling_in_feet|swelling_in_legs
Appendicitis,abdominal_pain|abdominal_tenderness|bad_breath|constipation|loss_of_appetite|low_fever|nausea|rapid_breathing|rebound_pain|vomiting|wheezing
Measles,cough|eye_redness|fever|high_fever|runny_nose|skin_rash
Hepatitis B,abdominal_pain|fatigue|loss_of_appetite|nausea|weakness|yellow_eyes|yellow_skin
Kidney Stones,back_pain|blood_in_urine|fever|flank_pain|frequent_urination|nausea|painful_urination_in_lower_abdomen|vomiting
Peptic Ulcer,abdominal_pain|bloating|constipation|stomach_pain
Hypothyroidism,cold_intolerance|dry_skin|fatigue|memory_problems|slow_heart_rate
Conjunctivitis,abdominal_tenderness|blurred_vision|eye_pain|eye_redness|itching|low_fever|watery_eyes
Hepatitis A,fatigue|loss_of_appetite|nausea|yellow_eyes|yellow_skin
Measles,fever|high_fever|skin_rash
Diabetes,excessive_hunger|excessive_thirst|fatigue|frequent_urination|numbness|tingling_sensation|weight_loss
Migraine,blurred_vision|difficulty_sleeping|fatigue|headache|nausea|tremors
Dengue,blood_in_urine|body_pain|gum_bleeding|headache|high_fever|joint_pain|loss_of_taste|skin_rash|weakness
Bronchitis,body_pain|chest_tightness|cough|low_fever|watery_eyes|weakness|wet_cough
Psoriasis,dry_skin|frequent_infections|itching|joint_pain|red_spots_on_skin|skin_peeling|skin_rash|swelling_in_legs
Hepatitis A,cold_hands|muscle_pain|nausea|painful_urination_in_lower_abdomen|swelling_in_feet|vomiting|yellow_eyes|yellow_skin
Hypothyroidism,cold_intolerance|fatigue|hair_loss|muscle_pain|slow_heart_rate|weight_gain
Laryngitis,blood_in_urine|difficulty_swallowing|dry_cough|hoarseness|painful_urination_in_lower_abdomen|sore_throat|voice_loss|wet_cough
Hepatitis B,abdominal_pain|anxiety|fatigue|loss_of_appetite|low_fever|nausea|pale_stool|sneezing|yellow_eyes|yellow_skin
Food Poisoning,diarrhea|fever|nausea|swelling_in_feet|vomiting
Gastroenteritis,abdominal_pain|bloating|brittle_nails|diarrhea|headache|low_fever|nausea|vomiting|weakness
Food Poisoning,abdominal_pain|chills|diarrhea|nausea|stomach_pain|vomiting|weakness
Hepatitis A,abdominal_pain|dark_urine|ear_pain|excessive_sleepiness|fatigue|flank_pain|frequent_infections|itching|loss_of_appetite|testicular_pain|yellow_eyes|yellow_skin
Chickenpox,back_pain|blisters|cold_intolerance|excessive_hunger|itching|loss_of_appetite|runny_nose|skin_rash
Laryngitis,anxiety|blood_in_urine|dry_cough|hoarseness|painful_urination_in_lower_abdomen|sore_throat|swollen_tonsils|voice_loss
Hypertension,facial_pain|headache|high_blood_pressure|pelvic_pain|swelling_in_legs
Common Cold,fever|headache|low_fever|runny_nose|sneezing|sore_throat|stuffy_nose
Psoriasis,itching|joint_pain|red_spots_on_skin|skin_peeling|skin_rash
Hypertension,dizziness|fast_heart_rate|headache|high_blood_pressure|low_fever|palpitations|swelling_in_feet
Bronchitis,chest_tightness|cough|fatigue|headache|low_fever|sore_throat|weakness|wet_cough|wheezing
Eczema,blisters|dry_skin|itching|low_blood_pressure|red_spots_on_skin|skin_peeling|skin_rash
Dengue,body_pain|eye_pain|high_fever|irritability|joint_pain|nausea|pelvic_pain|red_spots_on_skin|skin_rash|vomiting
Common Cold,cough|fatigue|headache|neck_pain|rapid_breathing|runny_nose|skin_peeling|sneezing|sore_throat|watery_eyes
Typhoid,abdominal_pain|fever|headache|high_fever|skin_peeling|weakness
Hyperthyroidism,difficulty_sleeping|fast_heart_rate|hair_loss|hearing_difficulty|heat_intolerance|palpitations|sweating|tremors|weight_loss
Peptic Ulcer,abdominal_pain|bloating|high_blood_pressure|loss_of_appetite|stomach_pain|vomiting|weight_loss
Heart Failure,fatigue|palpitations|rapid_breathing|shortness_of_breath|slow_heart_rate|swelling_in_feet|swelling_in_legs
Typhoid,abdominal_pain|constipation|diarrhea|fever|headache|high_fever|loss_of_appetite|loss_of_smell|skin_rash|weakness
Kidney Stones,back_pain|blood_in_urine|chills|flank_pain|frequent_urination|sweating|yellow_skin
Hyperthyroidism,anxiety|excessive_hunger|fast_heart_rate|heat_intolerance|palpitations|tremors|weight_loss
Arthritis,blisters|dizziness|fatigue|joint_pain|low_fever|neck_stiffness|swelling_in_legs
Tuberculosis,chills|cough|fatigue|headache|irritability|low_fever|night_sweats|weight_loss|wet_cough
Gastroenteritis,abdominal_pain|diarrhea|itching|nausea|vomiting|weakness
Urinary Tract Infection (UTI),back_pain|blood_in_urine|burning_urination|cloudy_urine|frequent_urination|loss_of_appetite|low_fever|weakness
Allergy,excessive_thirst|hives|itching|palpitations|runny_nose|skin_rash|sneezing|weight_gain
Hypertension,confusion|fatigue|headache|high_blood_pressure|hives|palpitations|weight_loss
Eczema,anxiety|dry_skin|itching|skin_peeling|skin_rash
Tonsillitis,bad_breath|cough|difficulty_swallowing|fever|skin_peeling|sore_throat|swollen_tonsils
Measles,eye_pain|eye_redness|fast_heart_rate|fever|high_fever|runny_nose|skin_rash|watery_eyes
Influenza,abdominal_tenderness|body_pain|chills|cough|fatigue|fever|headache|high_fever|night_sweats|runny_nose|sweating|vomiting|weakness|weight_loss
Hyperthyroidism,fast_heart_rate|hair_loss|heat_intolerance|palpitations|tremors|weight_loss|wheezing
Gastroenteritis,abdominal_pain|blood_in_urine|diarrhea|difficulty_sleeping|fever|nausea|skin_peeling|swelling_in_legs|vomiting|weakness|weight_loss
Psoriasis,brittle_nails|dark_urine|fatigue|itching|red_spots_on_skin|skin_peeling|skin_rash
Gastritis,abdominal_pain|abdominal_tenderness|gum_bleeding|stomach_pain|swelling_in_feet|vomiting
Measles,blurred_speech|cough|difficulty_swallowing|ear_pain|fever|runny_nose|skin_rash|watery_eyes
Food Poisoning,abdominal_pain|bloating|diarrhea|fever|nausea|painful_urination_in_lower_abdomen|stomach_pain|vomiting
Peptic Ulcer,abdominal_pain|bloating|cough|nausea|stomach_pain|weight_loss
Arthritis,joint_pain|swelling_in_legs|weight_loss
Bronchitis,chest_pain|chest_tightness|cough|fatigue|headache|wet_cough
Bronchitis,chest_tightness|cough|dizziness|low_fever|shortness_of_breath|sore_throat|wet_cough|wheezing
Typhoid,abdominal_pain|fever|hair_loss|high_fever|loss_of_appetite|muscle_cramps|nausea|skin_rash|stomach_pain|weakness
Measles,cough|eye_redness|fever|high_fever|runny_nose|skin_rash|watery_eyes
Mumps,ear_pain|facial_pain|fatigue|fever|headache|hoarseness|swelling_in_face
Hypertension,blurred_vision|chest_pain|confusion|fatigue|headache|high_blood_pressure|palpitations
Asthma,chest_tightness|cough|difficulty_breathing|shortness_of_breath|wheezing
Common Cold,cough|high_fever|irritability|joint_pain|runny_nose|sneezing|sore_throat|swelling_in_face|watery_eyes|wet_cough
Typhoid,abdominal_pain|bloating|body_pain|diarrhea|ear_pain|headache|high_fever|itching|loss_of_appetite|low_blood_pressure|skin_rash|weakness
Mumps,difficulty_swallowing|facial_pain|fever|loss_of_appetite|muscle_pain|swelling_in_face
Psoriasis,brittle_nails|itching|red_spots_on_skin|skin_peeling|skin_rash
Common Cold,headache|hearing_difficulty|low_fever|runny_nose|sneezing|sore_throat|stuffy_nose
Appendicitis,abdominal_pain|abdominal_tenderness|bloating|dark_urine|low_fever|nausea|rebound_pain|swelling_in_feet|vomiting
Migraine,blurred_vision|cold_hands|dizziness|headache|irritability|muscle_pain|nausea
Mumps,facial_pain|fever|headache|muscle_pain|neck_pain|swelling_in_face
Influenza,body_pain|cough|fatigue|fever|high_fever|muscle_pain|nausea|runny_nose
Laryngitis,difficulty_swallowing|ear_pain|eye_pain|hoarseness|low_blood_pressure|low_fever|sore_throat|voice_loss
Dengue,body_pain|fatigue|headache|high_fever|joint_pain|skin_peeling|weakness
Food Poisoning,abdominal_pain|blood_in_urine|diarrhea|difficulty_swallowing|heat_intolerance|nausea|painful_urination_in_lower_abdomen|stomach_pain|vomiting|weight_loss
Hepatitis A,anxiety|dark_urine|fatigue|flank_pain|vomiting|yellow_eyes|yellow_skin
Chickenpox,blisters|fatigue|itching|loss_of_appetite|skin_rash
Heart Failure,fatigue|low_fever|shortness_of_breath|swelling_in_legs
Heart Failure,excessive_hunger|fatigue|shortness_of_breath|swelling_in_feet|swelling_in_legs
Chronic Kidney Disease,fatigue|loss_of_appetite|stomach_pain|swelling_in_feet|swelling_in_legs
Measles,cough|eye_redness|fever|high_fever|runny_nose|skin_rash|sore_throat
Laryngitis,difficulty_swallowing|dry_cough|hives|hoarseness|joint_pain|sore_throat|testicular_pain|voice_loss
Hypothyroidism,cold_intolerance|dry_skin|fatigue|hair_loss|shortness_of_breath|weight_gain
Conjunctivitis,blurred_vision|drooling|eye_pain|eye_redness|itching|low_blood_pressure|runny_nose|tremors|watery_eyes|white_patches_in_throat
Hypertension,dizziness|eye_redness|fast_heart_rate|headache|high_blood_pressure
Peptic Ulcer,abdominal_pain|bloating|confusion|nausea|stomach_pain|weight_loss
Hypertension,chest_pain|fatigue|headache|high_blood_pressure|joint_pain|mouth_ulcers|palpitations|yellow_eyes
Pneumonia,bloating|chest_pain|chills|cough|fever|rapid_breathing|shortness_of_breath|wet_cough
Otitis Media,ear_discharge|ear_pain|fever|hearing_difficulty|irritability|neck_pain|testicular_pain
Sinusitis,bad_breath|cough|facial_pain|post_nasal_drip|runny_nose|sinus_pressure|slow_healing_wounds|stuffy_nose
Malaria,chills|diarrhea|excessive_hunger|eye_redness|fatigue|high_fever|hoarseness|muscle_pain|sweating|vomiting
Pneumonia,chills|cough|excessive_sleepiness|fatigue|fever|memory_problems|night_sweats|rapid_breathing|wet_cough
Urinary Tract Infection (UTI),burning_urination|cloudy_urine|frequent_urination|gum_bleeding|numbness|pelvic_pain
Gastritis,abdominal_pain|bloating|chest_pain|confusion|loss_of_appetite|nausea|stomach_pain|testicular_pain|vomiting|weight_loss
Heart Failure,cold_hands|cold_intolerance|excessive_hunger|fatigue|rapid_breathing|shortness_of_breath|swelling_in_legs|weight_loss
Heart Failure,cold_hands|fatigue|palpitations|shortness_of_breath|sweating|swelling_in_legs
Sinusitis,ear_pain|low_fever|runny_nose|sinus_pressure|stuffy_nose
Sinusitis,facial_pain|post_nasal_drip|runny_nose|sinus_pressure|sneezing|stuffy_nose|yellow_skin
Appendicitis,abdominal_pain|abdominal_tenderness|bloating|excessive_thirst|heat_intolerance|loss_of_appetite|low_fever|nausea|rebound_pain|vomiting
Malaria,chills|cold_intolerance|excessive_sleepiness|facial_pain|fatigue|headache|high_fever|nausea|sweating|vomiting
Eczema,itching|skin_rash|swelling_in_face
Urinary Tract Infection (UTI),abdominal_pain|bloating|burning_urination|frequent_urination|low_fever|nausea|pelvic_pain
Mumps,difficulty_breathing|ear_pain|facial_pain|fatigue|fever|headache|swelling_in_face
Tuberculosis,chills|confusion|cough|dark_urine|fatigue|low_fever|night_sweats|weight_loss|wet_cough
Tonsillitis,abdominal_pain|bad_breath|constipation|difficulty_swallowing|drooling|fever|sore_throat|swollen_tonsils
Hyperthyroidism,anxiety|blurred_speech|difficulty_sleeping|fast_heart_rate|heat_intolerance|neck_pain|tremors|weight_loss
Hyperthyroidism,anxiety|ear_pain|fast_heart_rate|heat_intolerance|itching|tremors|weight_loss
Otitis Media,ear_discharge|ear_pain|fever|headache|wet_cough
Hepatitis B,abdominal_pain|dark_urine|fatigue|loss_of_appetite|nausea|yellow_eyes|yellow_skin
Heart Failure,cold_hands|confusion|fatigue|shortness_of_breath|swelling_in_legs|white_patches_in_throat
Diabetes,blurred_vision|excessive_thirst|fatigue|frequent_urination|loss_of_smell|tingling_sensation|weight_loss
Sinusitis,blurred_vision|facial_pain|headache|runny_nose|sinus_pressure|stuffy_nose
Gastroenteritis,abdominal_pain|diarrhea|muscle_cramps|nausea|sweating|vomiting|weakness
Gastritis,abdominal_pain|abdominal_tenderness|bloating|loss_of_appetite|nausea|slow_healing_wounds|stomach_pain|vomiting
Food Poisoning,abdominal_pain|diarrhea|fever|nausea|vomiting
Coronary Artery Disease,chest_pain|chest_tightness|dizziness|fatigue|nausea|palpitations|shortness_of_breath
Gastritis,abdominal_pain|bloating|fatigue|heat_intolerance|itching|joint_pain|nausea|stomach_pain|weight_loss
Conjunctivitis,blurred_vision|eye_redness|itching|loss_of_smell|swelling_in_face|watery_eyes
COVID-19,body_pain|chills|dry_cough|fatigue|fever|frequent_infections|headache|loss_of_taste|sore_throat
Heart Failure,cold_feet|cold_hands|confusion|fatigue|palpitations|shortness_of_breath|swelling_in_legs|voice_loss
Tuberculosis,chest_pain|cough|fatigue|low_fever|night_sweats|weight_loss|wet_cough
Chickenpox,blisters|fatigue|fever|itching|skin_rash|swelling_in_legs
Bronchitis,cold_hands|cough|fatigue|hair_loss|irregular_heartbeat|low_fever|wet_cough
Hepatitis B,abdominal_pain|dark_urine|fatigue|loss_of_appetite|nausea|pale_stool|weakness|yellow_skin
Hypertension,dizziness|fatigue|gum_bleeding|headache|high_blood_pressure|palpitations
Pneumonia,chest_pain|chills|fatigue|fever|high_blood_pressure|rapid_breathing|shortness_of_breath|wet_cough
Tuberculosis,chest_pain|cough|difficulty_breathing|eye_pain|fatigue|loss_of_appetite|low_fever|neck_pain|night_sweats|sneezing|weakness|weight_loss|wet_cough
Hepatitis A,dark_urine|fatigue|joint_pain|loss_of_appetite|neck_stiffness|vomiting|yellow_eyes|yellow_skin
Food Poisoning,abdominal_pain|bloating|blurred_speech|diarrhea|fever|headache|joint_pain|nausea|vomiting
Pneumonia,chest_pain|chills|cold_hands|confusion|cough|fatigue|fever|nausea|shortness_of_breath|wet_cough
Asthma,chest_tightness|cough|dizziness|shortness_of_breath|slow_healing_wounds|voice_loss|wheezing
Hypothyroidism,burning_urination|cold_intolerance|dry_skin|excessive_sleepiness|hair_loss|low_blood_pressure|slow_heart_rate|swollen_tonsils|weight_gain
Conjunctivitis,blurred_vision|eye_redness|itching|low_fever|neck_pain|swelling_in_face|watery_eyes|weight_gain
Gastritis,abdominal_pain|loss_of_appetite|nausea|sore_throat|stomach_pain|vomiting
Arthritis,anxiety|fatigue|joint_pain|neck_stiffness|swelling_in_legs|weakness
Hepatitis A,abdominal_pain|dark_urine|fatigue|itching|loss_of_appetite|loss_of_smell|low_fever|vomiting|yellow_eyes|yellow_skin
Heart Failure,fatigue|irritability|numbness|palpitations|post_nasal_drip|rapid_breathing|shortness_of_breath|swelling_in_legs|swollen_lymph_nodes|swollen_tonsils
Common Cold,cough|headache|runny_nose|sneezing|sore_throat
Bronchitis,chest_tightness|cough|fatigue|frequent_infections|irregular_heartbeat|sore_throat|wet_cough|wheezing
Chronic Kidney Disease,fatigue|high_blood_pressure|swelling_in_feet|swelling_in_legs
Anemia,chest_pain|cold_feet|cold_hands|dizziness|fast_heart_rate|fatigue|muscle_cramps|weakness
Food Poisoning,abdominal_pain|blurred_speech|headache|nausea|stomach_pain|vomiting|weakness
Allergy,hives|itching|runny_nose|sneezing|swelling_in_face
Hypertension,chest_pain|confusion|fatigue|headache|high_blood_pressure
Common Cold,low_fever|runny_nose|sneezing|sore_throat|watery_eyes
Asthma,blurred_speech|chest_tightness|shortness_of_breath|sinus_pressure|wheezing
Chronic Kidney Disease,fast_heart_rate|frequent_urination|heat_intolerance|high_blood_pressure|itching|loss_of_appetite|muscle_cramps|swelling_in_feet|swelling_in_legs
Coronary Artery Disease,chest_pain|chest_tightness|cold_hands|mouth_ulcers|nausea|palpitations|shortness_of_breath|sweating|tingling_sensation|watery_eyes|white_patches_in_throat
Psoriasis,dry_skin|itching|joint_pain|red_spots_on_skin|skin_peeling|skin_rash
Asthma,chest_tightness|cough|difficulty_breathing|dry_cough|fatigue|mouth_ulcers|shortness_of_breath|swelling_in_feet|wheezing
Malaria,abdominal_pain|chills|dark_urine|diarrhea|headache|high_fever|muscle_pain|painful_urination_in_lower_abdomen|sweating
Dengue,body_pain|headache|high_fever|joint_pain|nausea|red_spots_on_skin|skin_rash|vomiting
Influenza,body_pain|chills|cough|difficulty_breathing|fatigue|fever|frequent_infections|headache|high_fever|muscle_pain|sore_throat|sweating|swelling_in_face|weakness
Gastritis,abdominal_pain|abdominal_tenderness|chest_tightness|diarrhea|loss_of_appetite|nausea|stomach_pain|vomiting|weight_loss|wheezing
Hypertension,dizziness|headache|high_blood_pressure|palpitations
Migraine,blurred_vision|chest_pain|dizziness|headache|irritability|nausea|vomiting|wet_cough
Hepatitis B,abdominal_pain|fatigue|joint_pain|loss_of_appetite|low_fever|nausea|pale_stool|swollen_lymph_nodes|yellow_eyes|yellow_skin
Hepatitis A,abdominal_pain|anxiety|dark_urine|fatigue|joint_pain|loss_of_appetite|nausea|vomiting|weight_gain|yellow_eyes|yellow_skin
Influenza,body_pain|cough|ear_pain|fatigue|fever|headache|high_fever|muscle_pain|sore_throat|testicular_pain|vomiting|weakness
Mumps,excessive_sleepiness|facial_pain|fever|headache|muscle_pain|sore_throat|swelling_in_face
Otitis Media,ear_discharge|ear_pain|fever|hearing_difficulty|neck_pain|numbness
Hyperthyroidism,anxiety|chest_pain|diarrhea|fast_heart_rate|heat_intolerance|sweating|swelling_in_face|tremors|weight_loss
Food Poisoning,abdominal_pain|diarrhea|nausea|vomiting
Hypertension,chest_pain|difficulty_breathing|dizziness|facial_pain|fatigue|headache|high_blood_pressure
Bronchitis,blood_in_urine|chest_tightness|cough|excessive_hunger|fatigue|headache|low_fever|wet_cough|wheezing
Conjunctivitis,blurred_vision|eye_pain|eye_redness|low_fever|swelling_in_face|watery_eyes
Tonsillitis,difficulty_swallowing|ear_pain|muscle_cramps|sore_throat|swollen_tonsils|white_patches_in_throat
Tonsillitis,bad_breath|difficulty_swallowing|fever|sore_throat|swollen_tonsils|voice_loss|vomiting|white_patches_in_throat
Peptic Ulcer,abdominal_pain|abdominal_tenderness|bloating|loss_of_appetite|nausea|stomach_pain
Hepatitis A,excessive_sleepiness|fatigue|loss_of_appetite|nausea|swelling_in_legs|vomiting|yellow_eyes|yellow_skin
Tuberculosis,blurred_speech|body_pain|cough|fatigue|night_sweats|weight_loss|wet_cough
Influenza,body_pain|chills|cough|ear_pain|fatigue|fever|hearing_difficulty|high_fever|low_fever|runny_nose|skin_rash
Hypertension,confusion|dizziness|fatigue|headache|high_blood_pressure|low_fever|sweating
Anemia,cold_feet|dizziness|fatigue|neck_stiffness|weakness
Allergy,cough|irritability|itching|pale_stool|runny_nose|skin_rash|sneezing|watery_eyes
Hypertension,blurred_vision|dizziness|fast_heart_rate|fatigue|headache|high_blood_pressure|palpitations
Food Poisoning,abdominal_pain|diarrhea|facial_pain|loss_of_appetite|nausea|vomiting|weakness|yellow_eyes
Hepatitis A,blisters|dark_urine|fatigue|loss_of_appetite|low_fever|nausea|wheezing|yellow_eyes|yellow_skin
Hyperthyroidism,anxiety|excessive_hunger|fast_heart_rate|heat_intolerance|palpitations|weight_loss
Arthritis,joint_pain|low_fever|memory_problems|muscle_pain|neck_stiffness|sweating|swelling_in_legs|weight_loss
Diabetes,blurred_vision|excessive_hunger|excessive_thirst|fatigue|frequent_urination|high_blood_pressure|stomach_pain|tingling_sensation|weight_loss
Typhoid,abdominal_pain|body_pain|fever|high_fever|loss_of_appetite|skin_rash|weakness
Hypothyroidism,cold_intolerance|dry_skin|hair_loss|irregular_heartbeat|memory_problems|palpitations|slow_heart_rate|weight_gain
Tonsillitis,bad_breath|difficulty_swallowing|drooling|ear_pain|swollen_tonsils|wheezing
Influenza,body_pain|brittle_nails|chills|cough|fatigue|fever|high_fever|loss_of_taste|muscle_pain|nausea|sore_throat|sweating
Bronchitis,chest_tightness|cough|fatigue|headache|hoarseness|red_spots_on_skin|wet_cough
Influenza,body_pain|cough|fatigue|fever|headache|high_fever|nausea|weight_loss
Heart Failure,fatigue|palpitations|rapid_breathing|shortness_of_breath|swelling_in_feet|swelling_in_legs
Pneumonia,chest_pain|cold_hands|confusion|difficulty_sleeping|fever|low_blood_pressure|nausea|pale_stool|rapid_breathing|shortness_of_breath|skin_rash|sweating|wet_cough|white_patches_in_throat
Laryngitis,difficulty_swallowing|dry_cough|fast_heart_rate|hoarseness|red_spots_on_skin|sneezing|sore_throat|voice_loss
Diabetes,excessive_thirst|fatigue|frequent_infections|frequent_urination|high_fever
Allergy,blurred_vision|hives|itching|runny_nose|sneezing|stuffy_nose|watery_eyes
Arthritis,fatigue|joint_pain|low_fever|neck_stiffness|slow_heart_rate|swelling_in_legs|weakness
Tuberculosis,body_pain|chest_pain|cough|fatigue|loss_of_appetite|low_fever|night_sweats|weight_loss|wet_cough
Conjunctivitis,blurred_vision|eye_pain|eye_redness|itching|low_fever|pale_stool|swelling_in_face|watery_eyes
Psoriasis,dry_skin|excessive_sleepiness|itching|joint_pain|red_spots_on_skin|skin_peeling|skin_rash|sneezing
Dengue,body_pain|headache|high_fever|joint_pain|skin_rash|vomiting
Migraine,blurred_vision|dizziness|gum_bleeding|headache|irritability|nausea
Kidney Stones,back_pain|blood_in_urine|brittle_nails|excessive_hunger|fever|headache|nausea|painful_urination_in_lower_abdomen|swelling_in_legs|vomiting
Hyperthyroidism,anxiety|excessive_hunger|fast_heart_rate|hair_loss|heat_intolerance|muscle_pain|palpitations|swollen_lymph_nodes|tremors|weight_loss
COVID-19,body_pain|cloudy_urine|dry_cough|fatigue|fever|headache|loss_of_smell|loss_of_taste|nausea|voice_loss
Conjunctivitis,blurred_vision|eye_pain|eye_redness|itching|swelling_in_face|watery_eyes
Asthma,anxiety|chest_tightness|cough|difficulty_sleeping|fatigue|shortness_of_breath|wheezing
Eczema,dry_skin|eye_pain|itching|skin_peeling|skin_rash
Urinary Tract Infection (UTI),abdominal_pain|back_pain|blood_in_urine|burning_urination|cloudy_urine|frequent_urination|low_fever|pelvic_pain
Tuberculosis,body_pain|chest_pain|cough|frequent_infections|loss_of_appetite|low_fever|night_sweats|weight_loss|wet_cough
Psoriasis,brittle_nails|itching|skin_peeling|skin_rash|swelling_in_legs
Sinusitis,facial_pain|hoarseness|low_fever|night_sweats|post_nasal_drip|runny_nose|sinus_pressure|stuffy_nose|swollen_tonsils
Allergy,hives|itching|muscle_cramps|rapid_breathing|runny_nose|slow_heart_rate|sneezing
Appendicitis,abdominal_pain|abdominal_tenderness|blisters|constipation|diarrhea|hearing_difficulty|loss_of_smell|low_fever|painful_urination_in_lower_abdomen|rebound_pain|vomiting
Common Cold,cough|fatigue|headache|low_fever|post_nasal_drip|runny_nose|sneezing|sore_throat|stuffy_nose
Psoriasis,blood_in_urine|fatigue|frequent_urination|itching|joint_pain|skin_peeling|skin_rash
Anemia,brittle_nails|cold_feet|cold_hands|dizziness|fast_heart_rate|fatigue|hair_loss|headache|muscle_cramps|weakness
Gastritis,abdominal_pain|bloating|nausea|stomach_pain|vomiting|watery_eyes|weight_loss
Psoriasis,itching|red_spots_on_skin|sinus_pressure|skin_peeling|skin_rash
COVID-19,body_pain|chest_tightness|dry_cough|fatigue|fever|headache|hives|loss_of_taste|sore_throat|tingling_sensation
Hepatitis A,excessive_sleepiness|fatigue|irritability|loss_of_appetite|nausea|night_sweats|pale_stool|rebound_pain|vomiting|yellow_eyes|yellow_skin
Gastritis,abdominal_pain|bloating|eye_pain|low_blood_pressure|nausea|stomach_pain|swelling_in_face|vomiting
Bronchitis,body_pain|chest_tightness|cough|fatigue|headache|low_fever|neck_pain|shortness_of_breath|sore_throat|wet_cough|wheezing
Asthma,chest_tightness|cough|shortness_of_breath|wheezing
COVID-19,body_pain|dry_cough|fatigue|fever|headache|joint_pain|loss_of_taste|muscle_cramps|sore_throat
Malaria,chills|diarrhea|fatigue|high_fever|muscle_pain|nausea|sweating|tingling_sensation|vomiting
Hyperthyroidism,anxiety|difficulty_swallowing|excessive_hunger|fast_heart_rate|gum_bleeding|heat_intolerance|palpitations|tremors|weight_gain|weight_loss
Heart Failure,cold_hands|drooling|fatigue|palpitations|shortness_of_breath|swelling_in_legs|yellow_eyes
Food Poisoning,abdominal_pain|back_pain|bloating|chills|diarrhea|fever|joint_pain|nausea|stomach_pain|vomiting|weakness
Heart Failure,cold_feet|cold_hands|fatigue|night_sweats|palpitations|rapid_breathing|shortness_of_breath|swelling_in_feet|swelling_in_legs
Eczema,blisters|dry_skin|itching|loss_of_taste|red_spots_on_skin|skin_peeling|skin_rash|swelling_in_face|yellow_skin
Hypothyroidism,burning_urination|cold_intolerance|dry_skin|fatigue|hair_loss|memory_problems|weight_gain
Food Poisoning,abdominal_pain|diarrhea|fever|headache|nausea|stomach_pain|vomiting|wet_cough
Hyperthyroidism,fast_heart_rate|heat_intolerance|irritability|palpitations|sneezing|sore_throat|tremors|weight_loss
Peptic Ulcer,abdominal_pain|bloating|loss_of_appetite|nausea|stomach_pain
Hepatitis B,abdominal_pain|dark_urine|drooling|fatigue|joint_pain|loss_of_appetite|low_fever|swelling_in_feet|weight_loss|yellow_eyes|yellow_skin
Influenza,body_pain|cough|fatigue|fever|high_fever|muscle_pain|nausea|runny_nose|sweating|weakness
Psoriasis,dry_skin|headache|hoarseness|itching|joint_pain|red_spots_on_skin|runny_nose|skin_peeling
Tuberculosis,blood_in_urine|chest_pain|cough|low_fever|muscle_pain|night_sweats|weight_loss|wet_cough
Asthma,chest_tightness|cough|difficulty_breathing|dry_cough|fatigue|shortness_of_breath|watery_eyes|wheezing
Chronic Kidney Disease,fatigue|itching|swelling_in_feet|swelling_in_legs
Chronic Kidney Disease,dry_skin|fatigue|headache|muscle_pain|nausea|swelling_in_feet|swelling_in_legs
Measles,bad_breath|body_pain|cough|dry_cough|eye_redness|fever|high_fever|runny_nose|skin_rash|slow_heart_rate|sore_throat|wet_cough
Diabetes,blisters|excessive_hunger|excessive_thirst|fatigue|frequent_urination|numbness|tingling_sensation|weight_loss
Tonsillitis,abdominal_pain|bad_breath|difficulty_swallowing|sore_throat|swollen_tonsils
Migraine,abdominal_pain|blurred_vision|dizziness|fever|headache|irritability|vomiting
Dengue,body_pain|excessive_thirst|headache|high_fever|nausea|red_spots_on_skin|skin_rash|vomiting
Appendicitis,abdominal_pain|abdominal_tenderness|low_fever|rebound_pain|vomiting
Sinusitis,bad_breath|body_pain|dry_cough|facial_pain|low_fever|post_nasal_drip|runny_nose|sinus_pressure|stuffy_nose
Hyperthyroidism,anxiety|blisters|fast_heart_rate|hair_loss|heat_intolerance|palpitations|sweating|tremors|weight_loss
Psoriasis,dry_skin|excessive_hunger|itching|red_spots_on_skin|skin_peeling|skin_rash|weight_loss
Otitis Media,ear_discharge|ear_pain|fever|irritability|low_fever
Appendicitis,abdominal_pain|abdominal_tenderness|low_fever|rebound_pain
Conjunctivitis,blurred_vision|eye_redness|hair_loss|itching|swelling_in_face|vomiting|watery_eyes
Gastritis,abdominal_pain|bloating|hoarseness|nausea|stomach_pain
Pneumonia,chills|cough|fatigue|fever|rapid_breathing|shortness_of_breath|wet_cough
Diabetes,excessive_hunger|excessive_thirst|eye_pain|fatigue|frequent_urination
Psoriasis,dry_skin|itching|skin_peeling|skin_rash
Asthma,chest_tightness|cold_intolerance|difficulty_sleeping|dry_cough|shortness_of_breath|wheezing
Heart Failure,cold_hands|fatigue|frequent_infections|gum_bleeding|palpitations|shortness_of_breath|swelling_in_legs|voice_loss
Hepatitis B,blood_in_urine|cold_hands|fatigue|loss_of_appetite|yellow_eyes|yellow_skin
Hepatitis A,dark_urine|fatigue|joint_pain|loss_of_appetite|night_sweats|vomiting|yellow_eyes|yellow_skin
Kidney Stones,back_pain|blood_in_urine|flank_pain|nausea|painful_urination_in_lower_abdomen|swelling_in_face
Chronic Kidney Disease,difficulty_sleeping|fatigue|frequent_urination|loss_of_appetite|memory_problems|swelling_in_feet|swelling_in_legs|yellow_eyes
Measles,body_pain|dry_skin|eye_redness|fever|high_fever|runny_nose|skin_rash|sneezing|tingling_sensation|watery_eyes
Eczema,blisters|dry_skin|itching|red_spots_on_skin|skin_peeling|skin_rash|sore_throat|weight_gain
Urinary Tract Infection (UTI),abdominal_pain|anxiety|back_pain|burning_urination|flank_pain|frequent_urination|pelvic_pain|skin_peeling|swollen_lymph_nodes
Eczema,dry_skin|excessive_sleepiness|fast_heart_rate|itching|skin_rash
Mumps,facial_pain|fever|muscle_pain|swelling_in_face
COVID-19,dry_cough|fatigue|fever|headache|loss_of_smell|loss_of_taste|shortness_of_breath|sore_throat|swelling_in_legs
Conjunctivitis,ear_pain|eye_pain|eye_redness|fatigue|watery_eyes|wheezing
Diabetes,excessive_thirst|fatigue|frequent_urination|numbness|slow_healing_wounds|weight_loss
Eczema,bloating|brittle_nails|cold_feet|dry_skin|itching|red_spots_on_skin|skin_peeling|skin_rash|swelling_in_legs
Hypertension,difficulty_breathing|headache|high_blood_pressure|painful_urination_in_lower_abdomen
Arthritis,body_pain|joint_pain|neck_pain|neck_stiffness|swelling_in_legs|weakness
Arthritis,fatigue|joint_pain|muscle_pain|sore_throat|swelling_in_legs
Peptic Ulcer,abdominal_pain|abdominal_tenderness|bloating|hearing_difficulty|loss_of_appetite|nausea|stomach_pain|weight_loss
Common Cold,constipation|cough|headache|low_fever|runny_nose|sneezing|sore_throat|watery_eyes
Heart Failure,diarrhea|fatigue|palpitations|rapid_breathing|shortness_of_breath|swelling_in_feet|swelling_in_legs
Hypothyroidism,cold_intolerance|dry_skin|memory_problems|weight_gain
Dengue,body_pain|difficulty_swallowing|gum_bleeding|headache|high_fever|joint_pain|mouth_ulcers|skin_rash|sneezing|vomiting|weakness
Common Cold,body_pain|headache|low_fever|runny_nose|sneezing|sore_throat|watery_eyes
Chickenpox,blisters|fever|itching|loss_of_appetite|skin_rash
Chickenpox,abdominal_pain|blisters|fatigue|itching|loss_of_appetite|skin_rash|white_patches_in_throat
Mumps,facial_pain|fever|headache|swelling_in_face
Tuberculosis,blurred_speech|chest_pain|cough|eye_pain|low_fever|night_sweats|weight_loss|wet_cough
Asthma,chest_tightness|difficulty_breathing|dry_cough|memory_problems|shortness_of_breath|wheezing
Conjunctivitis,eye_pain|eye_redness|itching|numbness|red_spots_on_skin|swelling_in_face|watery_eyes
Gastroenteritis,abdominal_pain|diarrhea|fever|irregular_heartbeat|nausea|stuffy_nose|vomiting|weakness
Peptic Ulcer,abdominal_pain|abdominal_tenderness|bloating|loss_of_appetite|stomach_pain|weight_loss
Typhoid,abdominal_pain|bloating|body_pain|constipation|diarrhea|fever|high_fever|weakness
Hepatitis A,excessive_sleepiness|fatigue|irregular_heartbeat|itching|memory_problems|nausea|pale_stool|vomiting|yellow_eyes|yellow_skin
Otitis Media,ear_discharge|ear_pain|fast_heart_rate|fever|low_fever|nausea|yellow_skin
Conjunctivitis,anxiety|blurred_vision|brittle_nails|eye_pain|eye_redness|facial_pain|itching|swelling_in_face|watery_eyes
Appendicitis,abdominal_pain|abdominal_tenderness|headache|loss_of_appetite|low_fever|nausea|rebound_pain
Heart Failure,cold_feet|dark_urine|fatigue|rapid_breathing|shortness_of_breath|swelling_in_feet|swelling_in_legs|weight_loss
Pneumonia,cough|fatigue|fever|low_fever|shortness_of_breath|wet_cough
Otitis Media,ear_discharge|ear_pain|headache
Urinary Tract Infection (UTI),burning_urination|cloudy_urine|frequent_urination|hives
Appendicitis,abdominal_pain|abdominal_tenderness|anxiety|constipation|low_fever|nausea|rebound_pain|vomiting
Hypertension,chest_pain|dizziness|fatigue|headache|high_blood_pressure|slow_healing_wounds
Eczema,dry_skin|itching|red_spots_on_skin|skin_rash|swelling_in_feet
Asthma,chest_tightness|difficulty_breathing|dry_cough|headache|shortness_of_breath|wheezing
Tonsillitis,bad_breath|fever|headache|high_fever|sore_throat|swelling_in_legs|swollen_tonsils|white_patches_in_throat
Chronic Kidney Disease,excessive_thirst|fatigue|high_blood_pressure|loss_of_appetite|swelling_in_feet|swelling_in_legs
Sinusitis,facial_pain|headache|post_nasal_drip|runny_nose|sinus_pressure|stuffy_nose|yellow_eyes
Dengue,abdominal_pain|body_pain|headache|high_fever|joint_pain|pale_stool|red_spots_on_skin|skin_rash|sneezing|vomiting|weakness
Mumps,cough|facial_pain|frequent_urination|headache|loss_of_appetite|muscle_pain|swelling_in_face|weight_gain
Chickenpox,blisters|fatigue|fever|flank_pain|headache|itching|skin_rash|slow_heart_rate
Peptic Ulcer,abdominal_pain|dry_cough|hearing_difficulty|loss_of_appetite|nausea|stomach_pain|weight_loss
Anemia,chest_pain|cold_feet|cold_hands|dizziness|excessive_hunger|fast_heart_rate|fatigue|hearing_difficulty|neck_pain|watery_eyes|weakness
Hyperthyroidism,anxiety|difficulty_sleeping|fast_heart_rate|heat_intolerance|loss_of_taste|palpitations|weight_loss
Allergy,cough|high_fever|hives|itching|low_fever|runny_nose|skin_rash|sneezing|stuffy_nose|watery_eyes
Asthma,chest_tightness|cold_hands|dry_cough|fatigue|shortness_of_breath|watery_eyes|wheezing
Tonsillitis,bad_breath|body_pain|difficulty_swallowing|sore_throat|swollen_tonsils|white_patches_in_throat
Hypothyroidism,cold_intolerance|eye_redness|fatigue|hair_loss|memory_problems|red_spots_on_skin|slow_heart_rate|weight_gain
Heart Failure,chest_tightness|cold_feet|fatigue|memory_problems|palpitations|shortness_of_breath|sinus_pressure|swelling_in_feet|swelling_in_legs
Anemia,chest_pain|cold_hands|dizziness|fast_heart_rate|fatigue|weakness
Pneumonia,blurred_speech|chest_pain|chills|cold_hands|cough|fever|rapid_breathing|shortness_of_breath|sneezing|sweating|wet_cough
Allergy,cough|frequent_urination|hives|itching|nausea|runny_nose|skin_rash|sneezing|watery_eyes
Sinusitis,constipation|cough|facial_pain|headache|painful_urination_in_lower_abdomen|post_nasal_drip|sinus_pressure|stuffy_nose
Common Cold,cold_hands|cough|facial_pain|headache|hives|low_fever|runny_nose|sneezing|sore_throat|watery_eyes|wet_cough
Measles,cough|fever|high_fever|runny_nose|skin_rash|swelling_in_feet|watery_eyes
Anemia,cold_feet|dizziness|muscle_pain|neck_pain|weakness
Kidney Stones,blood_in_urine|flank_pain|nausea
Laryngitis,difficulty_swallowing|dry_cough|excessive_thirst|facial_pain|hoarseness|sinus_pressure|sore_throat|voice_loss
Psoriasis,blurred_speech|cloudy_urine|hair_loss|itching|joint_pain|skin_peeling|skin_rash
Asthma,burning_urination|chest_tightness|cough|difficulty_breathing|difficulty_sleeping|dizziness|dry_cough|shortness_of_breath|wheezing
Sinusitis,abdominal_tenderness|cough|excessive_thirst|facial_pain|headache|loss_of_appetite|low_fever|post_nasal_drip|runny_nose|sinus_pressure|stuffy_nose|testicular_pain|yellow_skin
Hyperthyroidism,anxiety|bad_breath|difficulty_sleeping|fast_heart_rate|hair_loss|heat_intolerance|palpitations|stomach_pain|tremors|weight_loss
COVID-19,body_pain|dizziness|dry_cough|dry_skin|fatigue|fever|headache|loss_of_smell|sore_throat
Hepatitis A,fatigue|low_fever|nausea|numbness|vomiting|yellow_eyes|yellow_skin
Asthma,chest_pain|chest_tightness|cough|difficulty_breathing|dry_cough|shortness_of_breath|wheezing
Peptic Ulcer,abdominal_pain|abdominal_tenderness|bad_breath|bloating|loss_of_appetite|nausea|painful_urination_in_lower_abdomen|slow_healing_wounds|stomach_pain|weight_loss
Arthritis,difficulty_swallowing|joint_pain|muscle_pain|swelling_in_legs
COVID-19,dry_cough|fatigue|fever|headache|neck_stiffness|sore_throat
Tonsillitis,abdominal_pain|difficulty_swallowing|fever|sore_throat|swollen_lymph_nodes|swollen_tonsils
Dengue,abdominal_pain|body_pain|eye_pain|headache|heat_intolerance|high_fever|joint_pain|nausea|red_spots_on_skin|vomiting|weakness
Migraine,blurred_vision|dizziness|eye_pain|fatigue|headache|high_fever|hives|nausea|vomiting
Typhoid,abdominal_pain|diarrhea|fever|high_fever|loss_of_appetite|weakness
Common Cold,cough|headache|low_fever|runny_nose|sneezing|tingling_sensation|voice_loss
COVID-19,blurred_vision|body_pain|cloudy_urine|dry_cough|fatigue|fever|headache|loss_of_smell|loss_of_taste|shortness_of_breath|sore_throat
Hypertension,blurred_vision|brittle_nails|chest_pain|dizziness|headache|high_blood_pressure|red_spots_on_skin|skin_peeling
Otitis Media,ear_discharge|ear_pain|fatigue|fever|hearing_difficulty|irritability
Chickenpox,blisters|blurred_vision|excessive_thirst|itching|loss_of_appetite|skin_rash
Sinusitis,anxiety|blood_in_urine|cloudy_urine|dry_skin|facial_pain|gum_bleeding|headache|pelvic_pain|post_nasal_drip|sinus_pressure|stuffy_nose
Conjunctivitis,blurred_vision|ear_pain|eye_redness|itching|swelling_in_face|watery_eyes
Psoriasis,difficulty_sleeping|fatigue|itching|joint_pain|skin_peeling|skin_rash|testicular_pain
Conjunctivitis,blurred_vision|eye_pain|eye_redness|itching|low_fever|memory_problems|swelling_in_face|watery_eyes
Eczema,dry_skin|ear_pain|hives|itching|skin_peeling|skin_rash|swelling_in_face|voice_loss|yellow_skin
Hepatitis A,dark_urine|fatigue|loss_of_appetite|yellow_eyes|yellow_skin
Conjunctivitis,blurred_vision|chills|eye_pain|eye_redness|itching|watery_eyes
Laryngitis,confusion|difficulty_swallowing|fatigue|hoarseness|memory_problems|sore_throat|voice_loss
Sinusitis,abdominal_tenderness|bloating|facial_pain|headache|loss_of_appetite|low_fever|post_nasal_drip|sinus_pressure|stuffy_nose
Hypertension,chest_pain|dizziness|fatigue|headache|high_blood_pressure|palpitations|voice_loss
Mumps,difficulty_swallowing|ear_pain|facial_pain|fever|headache|loss_of_appetite|muscle_pain|swelling_in_face
Otitis Media,bloating|ear_discharge|ear_pain|fever|headache|slow_healing_wounds
Asthma,bad_breath|chest_tightness|shortness_of_breath|wheezing
Influenza,body_pain|eye_redness|fatigue|fever|high_fever|muscle_pain|nausea|runny_nose|sore_throat|sweating|vomiting
Gastroenteritis,abdominal_pain|diarrhea|fever|headache|nausea|vomiting|weakness
Bronchitis,chest_tightness|cough|fatigue|sore_throat|wet_cough|wheezing
Mumps,ear_pain|excessive_hunger|facial_pain|fever|high_blood_pressure|loss_of_appetite|muscle_pain
Urinary Tract Infection (UTI),abdominal_pain|burning_urination|ear_discharge|frequent_urination|swollen_tonsils
Eczema,dry_skin|gum_bleeding|hair_loss|itching|skin_rash|swelling_in_face
Hyperthyroidism,abdominal_tenderness|eye_pain|fast_heart_rate|hair_loss|heat_intolerance|sweating|tremors
Measles,eye_redness|fast_heart_rate|fever|high_fever|skin_rash|watery_eyes
Allergy,excessive_hunger|fatigue|hives|itching|runny_nose|sneezing|stuffy_nose|watery_eyes
Hepatitis A,dizziness|fatigue|flank_pain|nausea|vomiting|yellow_eyes|yellow_skin
Eczema,blisters|dry_skin|itching|joint_pain|painful_urination_in_lower_abdomen|skin_rash
Mumps,ear_pain|facial_pain|fever|headache|high_blood_pressure|loss_of_appetite|muscle_pain|swelling_in_face
Anemia,dizziness|eye_pain|fast_heart_rate|fatigue|night_sweats|weakness
Asthma,chest_tightness|difficulty_breathing|dry_cough|painful_urination_in_lower_abdomen|rapid_breathing|shortness_of_breath|wheezing
Bronchitis,chest_tightness|cough|fatigue|low_fever|shortness_of_breath|sore_throat|wet_cough|wheezing
Hepatitis B,abdominal_pain|dark_urine|fatigue|itching|low_fever|pale_stool|weakness|yellow_eyes|yellow_skin
Malaria,abdominal_pain|fast_heart_rate|fatigue|headache|high_fever|muscle_pain|sweating|swelling_in_face|vomiting|yellow_skin
Asthma,blurred_speech|chest_tightness|rapid_breathing|tingling_sensation|wheezing
Chickenpox,blisters|cold_feet|itching|loss_of_appetite|muscle_pain|skin_rash|voice_loss
Chickenpox,blisters|fatigue|itching|loss_of_appetite|memory_problems|skin_rash|swelling_in_feet
Bronchitis,burning_urination|chest_tightness|cough|headache|skin_rash|sore_throat|stomach_pain|wet_cough
Urinary Tract Infection (UTI),abdominal_pain|burning_urination|frequent_urination|pelvic_pain
Sinusitis,excessive_hunger|facial_pain|headache|hoarseness|sinus_pressure|stuffy_nose
Diabetes,blurred_vision|burning_urination|excessive_hunger|excessive_thirst|fatigue|frequent_urination|numbness
Coronary Artery Disease,chest_pain|chest_tightness|cold_hands|palpitations|shortness_of_breath|sweating
Coronary Artery Disease,chest_pain|chest_tightness|dry_cough|fast_heart_rate|fatigue|palpitations|shortness_of_breath|sweating
Urinary Tract Infection (UTI),abdominal_pain|burning_urination|cloudy_urine|ear_discharge|frequent_urination
Kidney Stones,back_pain|blood_in_urine|cloudy_urine|cold_intolerance|cough|flank_pain|frequent_urination|vomiting
Kidney Stones,back_pain|blood_in_urine|flank_pain|frequent_urination|nausea
Peptic Ulcer,abdominal_pain|bloating|burning_urination|drooling|loss_of_appetite|skin_peeling|stomach_pain
Chickenpox,blisters|cold_feet|fatigue|itching|loss_of_appetite|nausea|skin_rash
Appendicitis,abdominal_pain|abdominal_tenderness|nausea|rebound_pain|vomiting
Measles,abdominal_pain|body_pain|cough|eye_redness|fever|hair_loss|high_fever|runny_nose|skin_rash|watery_eyes
Conjunctivitis,eye_redness|irregular_heartbeat|itching|sore_throat|swelling_in_face|watery_eyes
Kidney Stones,back_pain|blood_in_urine|fever|flank_pain|nausea|vomiting
Eczema,dry_skin|itching|red_spots_on_skin|skin_rash|slow_heart_rate
Psoriasis,dry_skin|irregular_heartbeat|itching|joint_pain|skin_peeling|skin_rash
Mumps,drooling|ear_pain|facial_pain|fever|loss_of_taste|muscle_pain|swelling_in_face|yellow_eyes
Food Poisoning,abdominal_pain|bloating|chills|diarrhea|fever|low_fever|nausea|skin_rash|stomach_pain|vomiting|weakness
Migraine,blurred_vision|difficulty_sleeping|headache|wet_cough
Coronary Artery Disease,chest_pain|chest_tightness|dizziness|fever|palpitations|shortness_of_breath
Mumps,difficulty_swallowing|facial_pain|fatigue|fever|headache|loss_of_appetite|muscle_pain|swelling_in_face|swollen_lymph_nodes
Hypothyroidism,cold_intolerance|dry_skin|excessive_sleepiness|fatigue|hair_loss|joint_pain|sinus_pressure|slow_heart_rate|weight_gain
Chronic Kidney Disease,excessive_hunger|fatigue|frequent_urination|high_blood_pressure|loss_of_appetite|swelling_in_feet|swelling_in_legs
Coronary Artery Disease,bloating|chest_pain|chest_tightness|dry_skin|fatigue|night_sweats|palpitations|shortness_of_breath|sweating
Allergy,frequent_infections|heat_intolerance|itching|runny_nose|skin_rash|sneezing|sore_throat|stuffy_nose|swelling_in_face|yellow_eyes
Conjunctivitis,blurred_vision|body_pain|eye_pain|eye_redness|itching|watery_eyes
Hepatitis A,brittle_nails|fatigue|loss_of_appetite|nausea|yellow_eyes|yellow_skin
Hypothyroidism,cold_intolerance|constipation|dry_skin|fatigue|hair_loss|runny_nose|slow_heart_rate|weight_gain
Food Poisoning,abdominal_pain|chills|diarrhea|excessive_sleepiness|fever|nausea|night_sweats|runny_nose|shortness_of_breath|stomach_pain|vomiting
Tuberculosis,body_pain|chest_pain|cough|loss_of_appetite|low_fever|night_sweats|weight_loss|wet_cough
Conjunctivitis,eye_pain|eye_redness|itching|low_fever|sore_throat|swelling_in_face|watery_eyes
Heart Failure,cold_feet|ear_discharge|fatigue|irregular_heartbeat|irritability|low_blood_pressure|palpitations|rapid_breathing|shortness_of_breath|stuffy_nose|swelling_in_feet|swelling_in_legs
Psoriasis,dry_skin|itching|joint_pain|low_fever|muscle_cramps|skin_peeling|skin_rash
Hyperthyroidism,anxiety|difficulty_sleeping|excessive_sleepiness|fast_heart_rate|heat_intolerance|neck_pain|sweating|tremors|weight_loss
Sinusitis,facial_pain|hives|memory_problems|post_nasal_drip|sinus_pressure|stuffy_nose|swelling_in_legs
Arthritis,fatigue|joint_pain|muscle_pain|neck_stiffness|pale_stool|swelling_in_legs
Common Cold,cough|itching|post_nasal_drip|runny_nose|skin_peeling|sneezing|sore_throat|stuffy_nose|weight_loss
Gastritis,abdominal_pain|bloating|cloudy_urine|dry_skin|loss_of_appetite|nausea|post_nasal_drip|stomach_pain|vomiting
Tuberculosis,chest_pain|cough|eye_redness|fatigue|low_fever|night_sweats|weight_loss|wet_cough
Heart Failure,blisters|chest_pain|excessive_hunger|fatigue|palpitations|rapid_breathing|shortness_of_breath|swelling_in_feet|swelling_in_legs
Hypertension,blurred_vision|chest_pain|fast_heart_rate|fatigue|headache|high_blood_pressure
Chickenpox,blisters|blurred_speech|body_pain|cold_intolerance|fatigue|fever|itching|skin_rash
Arthritis,fatigue|joint_pain|loss_of_appetite|numbness|skin_rash|swelling_in_legs
Gastritis,abdominal_pain|bloating|cold_intolerance|fast_heart_rate|loss_of_appetite|muscle_cramps|nausea|sneezing|stomach_pain|vomiting
COVID-19,body_pain|chest_pain|chills|dry_cough|fatigue|fever|headache|loss_of_taste|shortness_of_breath|sore_throat|weight_loss
Typhoid,abdominal_pain|body_pain|drooling|fever|high_fever|weakness
Heart Failure,cold_feet|cold_hands|fatigue|hair_loss|palpitations|rapid_breathing|shortness_of_breath|swelling_in_feet|swelling_in_legs
Hypertension,blurred_vision|ear_discharge|fatigue|headache|high_blood_pressure
Typhoid,abdominal_pain|blurred_speech|body_pain|constipation|fever|headache|high_fever|muscle_pain|rebound_pain|weakness
Heart Failure,cold_feet|fatigue|irregular_heartbeat|rapid_breathing|shortness_of_breath|swollen_tonsils|tremors
Eczema,blisters|chills|dry_skin|high_fever|itching|nausea|red_spots_on_skin|skin_rash
Gastritis,abdominal_pain|bloating|loss_of_appetite|nausea|stomach_pain|swollen_lymph_nodes
Coronary Artery Disease,chest_tightness|fatigue|numbness|shortness_of_breath|weight_loss
Chickenpox,blisters|body_pain|chest_pain|chest_tightness|fatigue|itching|loss_of_appetite|skin_rash|swollen_lymph_nodes
Coronary Artery Disease,chest_pain|chest_tightness|difficulty_sleeping|dizziness|fatigue|shortness_of_breath|sweating
Diabetes,blurred_vision|excessive_thirst|fatigue|frequent_urination|numbness|slow_healing_wounds|vomiting
Measles,blood_in_urine|confusion|fever|high_fever|memory_problems|runny_nose|skin_rash|sore_throat|swelling_in_face
Chronic Kidney Disease,anxiety|difficulty_swallowing|fatigue|frequent_infections|high_blood_pressure|loss_of_appetite|loss_of_taste|swelling_in_feet|swelling_in_legs
Arthritis,difficulty_breathing|ear_discharge|fatigue|joint_pain|muscle_pain|neck_stiffness|numbness|stomach_pain|swelling_in_legs|weakness
Chronic Kidney Disease,fatigue|loss_of_appetite|sore_throat|swelling_in_feet|swelling_in_legs|voice_loss
Gastroenteritis,abdominal_pain|bloating|chills|diarrhea|high_blood_pressure|nausea|vomiting
Migraine,blurred_vision|dizziness|fatigue|headache|nausea|yellow_eyes
Sinusitis,bad_breath|facial_pain|low_blood_pressure|low_fever|post_nasal_drip|sinus_pressure|stuffy_nose
Laryngitis,difficulty_swallowing|frequent_urination|hoarseness|sore_throat
Pneumonia,blurred_speech|chest_pain|cough|fever|irritability|nausea|shortness_of_breath|wet_cough
Migraine,blurred_vision|dizziness|headache|irritability|watery_eyes|weight_loss
Allergy,difficulty_breathing|itching|runny_nose|skin_rash|sneezing|watery_eyes
COVID-19,chest_pain|chills|dry_cough|fatigue|fever|headache|loss_of_smell|shortness_of_breath|sore_throat|testicular_pain
Peptic Ulcer,abdominal_pain|abdominal_tenderness|bloating|dizziness|loss_of_appetite|stomach_pain|vomiting|weight_loss
Appendicitis,abdominal_pain|abdominal_tenderness|anxiety|bloating|constipation|nausea|rapid_breathing|rebound_pain|vomiting
Otitis Media,ear_discharge|ear_pain|hair_loss|headache|irritability|numbness|tremors
Sinusitis,cough|facial_pain|headache|hoarseness|runny_nose|sinus_pressure|stuffy_nose
Typhoid,abdominal_pain|anxiety|body_pain|brittle_nails|constipation|fever|headache|high_fever|muscle_cramps|muscle_pain|weakness
Tonsillitis,bad_breath|difficulty_swallowing|eye_redness|sore_throat|swollen_lymph_nodes|swollen_tonsils|white_patches_in_throat
Typhoid,abdominal_pain|blurred_vision|constipation|diarrhea|fever|headache|high_fever|loss_of_appetite|sweating|weakness
Conjunctivitis,blurred_vision|chills|eye_pain|eye_redness|itching|swelling_in_face|watery_eyes
Typhoid,abdominal_pain|body_pain|cold_hands|constipation|facial_pain|fever|headache|high_fever|loss_of_appetite|skin_rash|watery_eyes
Coronary Artery Disease,chest_pain|chest_tightness|fatigue|nausea|shortness_of_breath
Measles,cough|fever|high_fever|skin_rash|watery_eyes|white_patches_in_throat
Hepatitis A,difficulty_swallowing|fatigue|low_fever|muscle_cramps|nausea|neck_pain|vomiting|yellow_eyes|yellow_skin
Chickenpox,blisters|fatigue|itching|loss_of_appetite|mouth_ulcers|skin_rash
Coronary Artery Disease,brittle_nails|chest_pain|chest_tightness|cold_hands|dizziness|fatigue|neck_stiffness|palpitations|shortness_of_breath
Appendicitis,abdominal_pain|abdominal_tenderness|bloating|loss_of_appetite|nausea|neck_stiffness|rebound_pain|vomiting
Hepatitis A,abdominal_pain|blisters|fatigue|loss_of_appetite|nausea|painful_urination_in_lower_abdomen|pale_stool|yellow_eyes|yellow_skin
Kidney Stones,back_pain|flank_pain|high_blood_pressure|painful_urination_in_lower_abdomen|skin_peeling|vomiting
Hypothyroidism,cold_intolerance|dry_skin|excessive_thirst|fatigue|slow_heart_rate|swelling_in_feet|weight_gain
Influenza,body_pain|cough|difficulty_breathing|drooling|fatigue|fever|high_fever|runny_nose|weakness
Appendicitis,abdominal_pain|abdominal_tenderness|flank_pain|low_fever|nausea|numbness|rebound_pain|vomiting
Hepatitis A,abdominal_pain|dark_urine|fatigue|loss_of_appetite|low_fever|tingling_sensation|yellow_eyes|yellow_skin
Pneumonia,chest_pain|chills|cough|fever|loss_of_taste|pale_stool|rapid_breathing|shortness_of_breath|wet_cough
Typhoid,abdominal_pain|bloating|body_pain|constipation|diarrhea|fever|high_fever|loss_of_appetite|weakness
Peptic Ulcer,abdominal_pain|bloating|dry_cough|hoarseness|loss_of_appetite|stomach_pain|weight_loss
Migraine,blurred_vision|diarrhea|difficulty_sleeping|dizziness|headache|nausea|tremors
Otitis Media,ear_discharge|ear_pain|fever|headache|hearing_difficulty|irritability|voice_loss
Migraine,blurred_vision|cough|headache|nausea|sneezing|weakness|yellow_skin
Food Poisoning,abdominal_pain|diarrhea|fever|nausea|sneezing|vomiting|weakness
Hypertension,chest_pain|eye_redness|headache|high_blood_pressure
Malaria,abdominal_pain|chills|dry_cough|excessive_sleepiness|headache|high_fever|muscle_pain|sweating|vomiting
Chronic Kidney Disease,body_pain|difficulty_breathing|fatigue|frequent_urination|high_blood_pressure|loss_of_appetite|skin_rash|swelling_in_feet|swelling_in_legs
Tonsillitis,abdominal_pain|drooling|fever|slow_healing_wounds|sore_throat|swollen_lymph_nodes|swollen_tonsils|white_patches_in_throat
Gastritis,abdominal_pain|abdominal_tenderness|eye_pain|nausea|stomach_pain|vomiting|weight_loss
Urinary Tract Infection (UTI),abdominal_pain|back_pain|blood_in_urine|burning_urination|cloudy_urine|constipation|frequent_urination|low_fever|pelvic_pain
Pneumonia,cough|fatigue|fever|shortness_of_breath|wet_cough
Migraine,blurred_vision|fatigue|headache|vomiting
Otitis Media,difficulty_swallowing|ear_discharge|ear_pain|fever|headache|low_fever
Gastritis,abdominal_pain|constipation|difficulty_sleeping|frequent_infections|hair_loss|loss_of_appetite|low_fever|nausea|runny_nose|stomach_pain|vomiting|weight_loss
Anemia,cold_feet|cold_hands|dizziness|fast_heart_rate|fatigue|hair_loss|headache|itching|weakness
COVID-19,body_pain|dry_cough|fatigue|fever|headache|high_fever|loss_of_smell|loss_of_taste|sore_throat
COVID-19,body_pain|chills|dry_cough|fatigue|fever|loss_of_smell|loss_of_taste|sore_throat
Mumps,difficulty_swallowing|ear_pain|facial_pain|fever|headache|loss_of_appetite|swelling_in_face
Heart Failure,fatigue|pale_stool|rapid_breathing|shortness_of_breath|swelling_in_feet|swelling_in_legs
Laryngitis,cold_feet|difficulty_swallowing|dry_cough|hoarseness|muscle_cramps|rebound_pain|sore_throat|voice_loss
Bronchitis,chest_tightness|chills|cough|low_fever|sore_throat|wet_cough
Measles,eye_redness|fever|high_fever|loss_of_smell|low_fever|nausea|palpitations|rebound_pain|skin_rash
Hepatitis A,fatigue|loss_of_appetite|vomiting|yellow_eyes|yellow_skin
Hypothyroidism,body_pain|cold_intolerance|constipation|dry_skin|fatigue|hair_loss|slow_heart_rate|weight_gain
Gastritis,abdominal_pain|loss_of_appetite|muscle_cramps|nausea|stomach_pain|vomiting
Mumps,difficulty_swallowing|facial_pain|fever|headache|loss_of_appetite|swelling_in_face
Anemia,brittle_nails|cold_feet|dizziness|fatigue|frequent_urination|hair_loss|runny_nose|weakness
Otitis Media,ear_discharge|ear_pain|fever|headache|hearing_difficulty|irritability|low_fever|wet_cough
Influenza,body_pain|cough|fatigue|fever|high_fever|muscle_pain|nausea|runny_nose|sore_throat|tremors|weakness
Migraine,blurred_vision|chills|headache|vomiting
Hypothyroidism,bad_breath|cold_intolerance|dry_skin|fatigue|hair_loss|slow_heart_rate|sneezing|weight_gain
Chickenpox,blisters|body_pain|irregular_heartbeat|itching|loss_of_appetite|painful_urination_in_lower_abdomen|skin_rash
Kidney Stones,back_pain|blood_in_urine|chest_tightness|fever|flank_pain|painful_urination_in_lower_abdomen
Gastroenteritis,abdominal_pain|diarrhea|nausea|red_spots_on_skin|tingling_sensation|vomiting
Kidney Stones,back_pain|blood_in_urine|flank_pain|painful_urination_in_lower_abdomen|vomiting
Hypothyroidism,cold_intolerance|constipation|dry_skin|fatigue|gum_bleeding|hair_loss|weight_gain
Heart Failure,cold_feet|fatigue|palpitations|shortness_of_breath|swelling_in_feet|swelling_in_legs|weakness|weight_loss|yellow_eyes
Appendicitis,abdominal_pain|abdominal_tenderness|chills|constipation|difficulty_swallowing|low_fever|nausea|rebound_pain
Dengue,body_pain|gum_bleeding|headache|high_fever|joint_pain|nausea|skin_rash|vomiting
Appendicitis,abdominal_pain|abdominal_tenderness|cough|frequent_infections|gum_bleeding|low_fever|nausea|painful_urination_in_lower_abdomen|rebound_pain|vomiting
Tonsillitis,abdominal_tenderness|difficulty_swallowing|fever|joint_pain|painful_urination_in_lower_abdomen|sore_throat|swelling_in_legs|swollen_lymph_nodes|swollen_tonsils|voice_loss
Asthma,abdominal_tenderness|chest_tightness|cough|difficulty_breathing|excessive_hunger|fever|headache|shortness_of_breath|swelling_in_face|wheezing
Laryngitis,difficulty_swallowing|fatigue|flank_pain|low_fever|muscle_cramps|sore_throat|voice_loss
Urinary Tract Infection (UTI),back_pain|burning_urination|cloudy_urine|frequent_urination
Peptic Ulcer,abdominal_pain|bloating|loss_of_appetite|stomach_pain|vomiting
Eczema,difficulty_breathing|dry_skin|itching|skin_rash|swelling_in_feet|white_patches_in_throat
Appendicitis,abdominal_pain|abdominal_tenderness|constipation|loss_of_taste|nausea|painful_urination_in_lower_abdomen|rebound_pain|vomiting|watery_eyes
Asthma,chest_tightness|cough|difficulty_breathing|dizziness|dry_cough|muscle_cramps|rapid_breathing|shortness_of_breath|tingling_sensation|wheezing
Measles,eye_redness|fever|high_fever|skin_rash|watery_eyes|wet_cough
Eczema,blisters|difficulty_breathing|dry_skin|itching|red_spots_on_skin|skin_peeling|skin_rash|watery_eyes
Hepatitis B,dark_urine|fatigue|loss_of_appetite|low_fever|weakness|yellow_eyes|yellow_skin
Arthritis,burning_urination|excessive_thirst|high_blood_pressure|joint_pain|neck_stiffness|swelling_in_legs|weakness
Tuberculosis,body_pain|chest_pain|chills|cough|excessive_hunger|gum_bleeding|loss_of_appetite|night_sweats|weight_loss|wet_cough|wheezing
Chronic Kidney Disease,fatigue|frequent_urination|swelling_in_feet|swelling_in_legs
COVID-19,diarrhea|dry_cough|fatigue|fever|headache|loss_of_smell|loss_of_taste|sore_throat
Allergy,hives|itching|runny_nose|sneezing|sweating|swelling_in_face
Gastritis,abdominal_pain|difficulty_breathing|loss_of_appetite|nausea|stomach_pain
Chronic Kidney Disease,fatigue|high_blood_pressure|nausea|swelling_in_feet|swelling_in_legs
Appendicitis,abdominal_pain|abdominal_tenderness|back_pain|confusion|constipation|diarrhea|loss_of_appetite|low_fever|night_sweats|rebound_pain|runny_nose|vomiting
Hypothyroidism,anxiety|fatigue|memory_problems|weight_gain
Food Poisoning,abdominal_pain|blurred_vision|diarrhea|nausea|painful_urination_in_lower_abdomen|stomach_pain|vomiting|weakness
Pneumonia,chest_pain|chills|confusion|cough|fever|rapid_breathing|shortness_of_breath|stomach_pain|wet_cough
Eczema,dry_skin|eye_pain|fast_heart_rate|itching|red_spots_on_skin|skin_peeling|skin_rash
Bronchitis,chills|cough|fatigue|wet_cough
Otitis Media,ear_discharge|ear_pain|fever|hearing_difficulty|slow_healing_wounds
Influenza,body_pain|cough|fatigue|headache|high_fever|muscle_pain|sore_throat|sweating|tingling_sensation|weakness
Pneumonia,chills|cough|fatigue|fever|mouth_ulcers|nausea|rapid_breathing|shortness_of_breath|wet_cough
Hepatitis A,abdominal_pain|fatigue|pale_stool|wet_cough|yellow_eyes|yellow_skin
Otitis Media,blisters|chest_pain|confusion|ear_discharge|ear_pain|headache|low_fever
Diabetes,blurred_vision|chills|excessive_hunger|excessive_thirst|fatigue|frequent_infections|frequent_urination|testicular_pain|tingling_sensation
Hepatitis B,blood_in_urine|dark_urine|fatigue|loss_of_appetite|rapid_breathing|white_patches_in_throat|yellow_eyes|yellow_skin
Laryngitis,drooling|dry_cough|hoarseness|tingling_sensation|voice_loss
Eczema,dry_skin|itching|skin_rash
Measles,cough|fever|high_fever|runny_nose|skin_rash|sore_throat|watery_eyes
Tonsillitis,bad_breath|difficulty_swallowing|drooling|fever|low_blood_pressure|muscle_pain|sore_throat|swollen_tonsils
Migraine,blurred_vision|brittle_nails|dizziness|headache|nausea|vomiting
Conjunctivitis,blurred_vision|itching|voice_loss|watery_eyes
Common Cold,facial_pain|headache|runny_nose|sneezing|sore_throat|swelling_in_face
Eczema,dry_skin|itching|post_nasal_drip|red_spots_on_skin|skin_rash
Gastroenteritis,abdominal_pain|back_pain|diarrhea|fever|headache|nausea|vomiting|weight_gain
Chickenpox,blisters|difficulty_swallowing|fever|irritability|itching|skin_rash|sore_throat
Malaria,chills|diarrhea|fatigue|headache|high_fever|muscle_pain|nausea|sinus_pressure|sweating|vomiting
Hepatitis B,abdominal_pain|dark_urine|fatigue|joint_pain|loss_of_appetite|pale_stool|yellow_eyes|yellow_skin
Pneumonia,abdominal_pain|chills|confusion|cough|fever|rapid_breathing|shortness_of_breath|wet_cough
Gastroenteritis,abdominal_pain|diarrhea|excessive_thirst|vomiting|weakness
Mumps,drooling|facial_pain|fever|headache|hives|swelling_in_face|testicular_pain|voice_loss
Food Poisoning,abdominal_pain|cold_intolerance|diarrhea|fatigue|fever|nausea|stomach_pain|vomiting|weakness
Hepatitis A,dark_urine|fatigue|loss_of_appetite|low_fever|yellow_eyes|yellow_skin
Urinary Tract Infection (UTI),abdominal_pain|burning_urination|cloudy_urine|frequent_urination|pelvic_pain|weight_gain
Hypertension,chest_pain|chills|dizziness|fatigue|headache|high_blood_pressure|nausea|painful_urination_in_lower_abdomen|palpitations|sore_throat|swelling_in_feet
